,typebldg,floor,room,basement,activity,pcterr,county,Uppm
0,1,1,2,N,0.3,0.0,APACHE              ,2.26437
1,0,9,0, ,0.6,33.3,APACHE              ,2.26437
2,1,1,3,N,0.5,0.0,APACHE              ,2.26437
3,1,1,3,N,0.6,97.2,APACHE              ,2.26437
4,1,1,1,N,0.3,0.0,APACHE              ,2.26437
5,1,1,1,N,1.2,22.7,APACHE              ,2.26437
6,0,9,0, ,5.0,8.5,APACHE              ,2.26437
7,1,1,1,N,3.5,9.2,APACHE              ,2.26437
8,0,9,0, ,1.2,14.9,APACHE              ,2.26437
9,1,1,3, ,0.6,40.8,APACHE              ,2.26437
10,1,1,1,N,1.3,15.8,APACHE              ,2.26437
11,1,1,2, ,0.4,0.0,APACHE              ,2.26437
12,1,0,2,Y,4.9,9.9,APACHE              ,2.26437
13,1,1,1,N,0.6,45.7,APACHE              ,2.26437
14,5,1,5,N,0.3,0.0,APACHE              ,2.26437
15,1,1,1,N,1.1,26.9,COCHISE             ,2.34707
16,0,1,1,N,0.7,23.8,COCHISE             ,2.34707
17,0,9,0, ,1.0,31.4,COCHISE             ,2.34707
18,1,1,7,N,0.6,28.3,COCHISE             ,2.34707
19,1,1,1,N,2.1,13.4,COCHISE             ,2.34707
20,1,0,1,Y,0.5,0.0,COCHISE             ,2.34707
21,1,1,1,N,0.4,0.0,COCHISE             ,2.34707
22,1,1,1,N,0.6,34.6,COCHISE             ,2.34707
23,1,1,7,Y,0.3,0.0,COCHISE             ,2.34707
24,1,1,3,N,0.4,0.0,COCHISE             ,2.34707
25,0,9,0,N,0.5,0.0,COCHISE             ,2.34707
26,0,9,0, ,1.9,22.8,COCHISE             ,2.34707
27,1,1,3,N,3.2,15.3,COCHISE             ,2.34707
28,1,1,3,N,0.8,43.7,COCHISE             ,2.34707
29,1,1,3,N,0.5,43.6,COCHISE             ,2.34707
30,0,9,0, ,0.5,0.0,COCHISE             ,2.34707
31,1,1,1,N,1.9,11.6,COCHISE             ,2.34707
32,1,1,3,N,2.2,10.5,COCHISE             ,2.34707
33,1,1,1,N,1.5,17.0,COCHISE             ,2.34707
34,5,1,1,N,2.9,12.8,COCHISE             ,2.34707
35,1,1,2,N,3.6,9.3,COCHISE             ,2.34707
36,1,1,1, ,5.8,5.7,COCHISE             ,2.34707
37,1,1,3,N,11.1,3.3,COCHISE             ,2.34707
38,1,1,3,N,2.2,13.0,COCHISE             ,2.34707
39,1,1,3,N,0.4,0.0,COCHISE             ,2.34707
40,1,1,1,N,3.7,6.5,COCHISE             ,2.34707
41,1,1,1,N,1.8,13.9,COCHISE             ,2.34707
42,1,1,3,N,0.2,0.0,COCHISE             ,2.34707
43,1,1,1,N,0.4,0.0,COCHISE             ,2.34707
44,1,1,3,N,0.2,0.0,COCHISE             ,2.34707
45,1,1,2,N,0.1,0.0,COCHISE             ,2.34707
46,0,9,0, ,0.0,0.0,COCHISE             ,2.34707
47,1,1,3,N,0.1,0.0,COCHISE             ,2.34707
48,1,1,1,N,0.6,44.9,COCHISE             ,2.34707
49,1,1,3,N,2.4,9.4,COCHISE             ,2.34707
50,0,9,0, ,2.0,12.2,COCHISE             ,2.34707
51,1,1,1,N,4.0,17.8,COCHISE             ,2.34707
52,5,1,7,N,0.7,40.2,COCHISE             ,2.34707
53,1,1,7,N,1.2,21.0,COCHISE             ,2.34707
54,1,0,7,N,2.1,12.6,COCONINO            ,2.01841
55,1,1,3,N,0.2,0.0,COCONINO            ,2.01841
56,0,9,0, ,0.1,0.0,COCONINO            ,2.01841
57,1,1,3,N,0.2,0.0,COCONINO            ,2.01841
58,1,1,7,N,0.6,26.5,COCONINO            ,2.01841
59,1,1,1,N,0.8,24.6,COCONINO            ,2.01841
60,1,1,3,N,0.7,31.8,COCONINO            ,2.01841
61,1,1,1,N,3.8,5.9,COCONINO            ,2.01841
62,1,1,1,N,1.8,19.9,COCONINO            ,2.01841
63,1,1,3,N,3.8,7.4,COCONINO            ,2.01841
64,1,1,1,N,3.2,13.9,COCONINO            ,2.01841
65,0,9,0, ,1.1,35.5,COCONINO            ,2.01841
66,1,1,1,N,3.7,9.6,COCONINO            ,2.01841
67,1,1,2,N,4.4,6.2,COCONINO            ,2.01841
68,5,1,1, ,2.1,11.1,COCONINO            ,2.01841
69,1,1,7,N,3.6,7.0,COCONINO            ,2.01841
70,1,1,3,N,3.0,12.7,COCONINO            ,2.01841
71,2,1,3,N,0.3,0.0,COCONINO            ,2.01841
72,1,1,3,N,1.6,12.4,COCONINO            ,2.01841
73,1,1,7,N,9.6,3.5,COCONINO            ,2.01841
74,1,1,5,N,0.6,30.7,COCONINO            ,2.01841
75,1,1,1,N,1.7,18.5,COCONINO            ,2.01841
76,0,9,0, ,0.7,83.1,COCONINO            ,2.01841
77,1,1,1,N,0.9,26.1,COCONINO            ,2.01841
78,1,1,1,N,12.9,4.9,COCONINO            ,2.01841
79,1,1,7,N,0.6,37.2,COCONINO            ,2.01841
80,1,1,1,N,7.7,3.8,COCONINO            ,2.01841
81,1,1,3,N,1.2,67.1,COCONINO            ,2.01841
82,1,1,7,N,8.3,3.4,COCONINO            ,2.01841
83,1,1,3,N,1.2,19.4,COCONINO            ,2.01841
84,1,1,1,N,4.5,14.2,COCONINO            ,2.01841
85,5,1,3,N,0.7,32.5,COCONINO            ,2.01841
86,1,1,1,N,2.6,13.6,COCONINO            ,2.01841
87,1,1,7,N,3.3,7.8,COCONINO            ,2.01841
88,1,1,3,N,1.1,37.6,COCONINO            ,2.01841
89,1,1,3,N,3.7,9.9,COCONINO            ,2.01841
90,1,1,3,N,2.1,12.9,COCONINO            ,2.01841
91,1,1,3,N,6.7,6.4,COCONINO            ,2.01841
92,1,1,1,N,1.0,18.4,COCONINO            ,2.01841
93,0,9,0, ,1.4,33.4,COCONINO            ,2.01841
94,1,1,1, ,2.4,11.9,COCONINO            ,2.01841
95,1,1,3,N,0.4,0.0,COCONINO            ,2.01841
96,1,1,3,N,3.4,8.4,COCONINO            ,2.01841
97,1,1,1,N,4.0,11.6,COCONINO            ,2.01841
98,1,1,5,N,1.5,15.6,COCONINO            ,2.01841
99,1,1,1,N,0.5,35.3,COCONINO            ,2.01841
100,1,1,3,N,0.5,0.0,COCONINO            ,2.01841
101,5,1,7,N,0.2,0.0,COCONINO            ,2.01841
102,1,1,3,N,0.3,0.0,COCONINO            ,2.01841
103,1,1,2,N,0.7,47.5,COCONINO            ,2.01841
104,1,1,2,N,0.5,0.0,COCONINO            ,2.01841
105,2,1,3,N,0.5,0.0,COCONINO            ,2.01841
106,1,0,4,Y,2.3,9.1,COCONINO            ,2.01841
107,1,1,7,N,0.7,48.4,COCONINO            ,2.01841
108,0,9,0, ,0.0,0.0,COCONINO            ,2.01841
109,1,1,7,N,0.1,0.0,COCONINO            ,2.01841
110,1,1,3,N,1.1,15.4,COCONINO            ,2.01841
111,1,1,3,N,0.2,0.0,COCONINO            ,2.01841
112,1,1,2,N,0.1,0.0,COCONINO            ,2.01841
113,1,1,7,N,0.6,36.1,COCONINO            ,2.01841
114,1,1,2,N,1.4,16.3,COCONINO            ,2.01841
115,1,1,3,N,0.1,0.0,COCONINO            ,2.01841
116,1,1,2,N,1.9,13.6,COCONINO            ,2.01841
117,1,1,1,Y,1.5,17.3,COCONINO            ,2.01841
118,1,1,7,Y,0.8,26.9,COCONINO            ,2.01841
119,1,1,1,N,1.1,26.1,COCONINO            ,2.01841
120,1,1,3,N,1.1,20.4,COCONINO            ,2.01841
121,0,9,0, ,0.2,0.0,COCONINO            ,2.01841
122,1,0,4,Y,1.8,13.8,COCONINO            ,2.01841
123,1,1,2,N,0.8,24.3,COCONINO            ,2.01841
124,1,1,3,N,1.0,19.1,COCONINO            ,2.01841
125,1,0,2,Y,3.7,8.3,COCONINO            ,2.01841
126,1,1,1,N,0.6,30.6,COCONINO            ,2.01841
127,1,1,7,N,0.5,44.2,COCONINO            ,2.01841
128,1,1,3,N,0.9,26.3,COCONINO            ,2.01841
129,1,1,1,N,13.5,3.1,COCONINO            ,2.01841
130,1,1,1,N,0.4,0.0,COCONINO            ,2.01841
131,1,1,3,N,0.4,0.0,COCONINO            ,2.01841
132,1,1,3,N,0.8,41.5,COCONINO            ,2.01841
133,1,1,1,N,0.3,0.0,COCONINO            ,2.01841
134,1,1,5,N,0.1,0.0,COCONINO            ,2.01841
135,1,1,3,N,0.2,0.0,COCONINO            ,2.01841
136,1,1,2,N,1.4,23.5,COCONINO            ,2.01841
137,1,1,5,N,0.2,0.0,COCONINO            ,2.01841
138,0,9,0, ,0.9,30.7,COCONINO            ,2.01841
139,1,1,3,N,0.0,0.0,COCONINO            ,2.01841
140,1,1,7,N,0.5,27.8,COCONINO            ,2.01841
141,1,1,1,N,0.5,36.7,COCONINO            ,2.01841
142,1,1,3,N,0.1,0.0,COCONINO            ,2.01841
143,1,1,3,N,0.9,19.6,GILA                ,2.3866
144,1,1,1,N,0.0,0.0,GILA                ,2.3866
145,1,0,4,Y,0.9,25.6,GILA                ,2.3866
146,1,1,2,Y,1.2,17.0,GILA                ,2.3866
147,1,1,7,N,2.1,11.3,GILA                ,2.3866
148,1,1,3,N,0.6,45.1,GILA                ,2.3866
149,1,1,3,N,0.7,35.6,GILA                ,2.3866
150,1,1,1,N,1.7,12.0,GILA                ,2.3866
151,1,1,2,N,0.3,0.0,GILA                ,2.3866
152,1,1,7,N,0.8,25.8,GILA                ,2.3866
153,1,1,3,N,1.3,20.2,GILA                ,2.3866
154,1,1,7,N,1.7,14.2,GILA                ,2.3866
155,1,1,3,N,2.4,14.1,GILA                ,2.3866
156,1,1,1,N,0.3,0.0,GRAHAM              ,2.40633
157,1,1,3,N,1.5,13.4,GRAHAM              ,2.40633
158,1,1,3,N,0.0,0.0,GRAHAM              ,2.40633
159,0,9,0, ,2.8,10.3,GRAHAM              ,2.40633
160,1,1,2,N,1.8,17.3,GRAHAM              ,2.40633
161,0,9,0, ,2.7,10.4,GRAHAM              ,2.40633
162,1,1,3,N,1.1,23.3,GRAHAM              ,2.40633
163,1,1,3,N,2.4,11.5,GRAHAM              ,2.40633
164,1,1,1,N,0.7,63.0,GRAHAM              ,2.40633
165,1,1,2,N,2.1,12.3,GRAHAM              ,2.40633
166,1,1,3,N,0.7,31.5,GRAHAM              ,2.40633
167,1,1,1,N,0.6,67.9,GRAHAM              ,2.40633
168,1,1,1,N,1.5,18.4,GRAHAM              ,2.40633
169,1,1,1,N,0.8,25.4,GRAHAM              ,2.40633
170,1,1,2,N,1.2,26.8,GRAHAM              ,2.40633
171,1,1,1,N,0.2,0.0,GRAHAM              ,2.40633
172,1,1,2,N,0.6,35.1,GRAHAM              ,2.40633
173,1,1,3,N,0.2,0.0,GRAHAM              ,2.40633
174,1,1,3,N,0.2,0.0,GRAHAM              ,2.40633
175,1,1,1,N,0.2,0.0,GRAHAM              ,2.40633
176,1,1,3,N,0.0,0.0,GRAHAM              ,2.40633
177,1,1,2,N,0.7,118.2,GRAHAM              ,2.40633
178,1,1,3,N,1.1,26.9,GRAHAM              ,2.40633
179,1,1,2,N,2.0,11.8,GRAHAM              ,2.40633
180,1,1,3,N,2.8,15.5,GRAHAM              ,2.40633
181,1,1,3,N,1.0,19.7,GRAHAM              ,2.40633
182,1,1,1,N,0.7,35.6,GRAHAM              ,2.40633
183,1,1,1,N,0.1,0.0,GRAHAM              ,2.40633
184,0,9,0, ,0.7,54.8,GRAHAM              ,2.40633
185,1,1,3,N,1.2,17.7,GREENLEE            ,1.5874700000000002
186,1,1,3,N,0.7,36.4,GREENLEE            ,1.5874700000000002
187,1,1,3,N,2.2,12.1,GREENLEE            ,1.5874700000000002
188,1,1,2,N,0.8,28.0,GREENLEE            ,1.5874700000000002
189,1,1,1,N,2.4,10.2,GREENLEE            ,1.5874700000000002
190,1,1,1,N,0.5,37.4,GREENLEE            ,1.5874700000000002
191,1,1,3,N,0.9,40.0,GREENLEE            ,1.5874700000000002
192,1,1,3,N,0.3,0.0,GREENLEE            ,1.5874700000000002
193,1,1,1, ,0.5,0.0,LA PAZ              ,0.0
194,1,1,3,N,0.0,0.0,LA PAZ              ,0.0
195,1,1,1,N,1.7,15.3,MARICOPA            ,3.11518
196,1,1,2,N,1.5,13.4,MARICOPA            ,3.11518
197,1,1,3,N,1.4,15.7,MARICOPA            ,3.11518
198,1,1,7,N,0.7,34.9,MARICOPA            ,3.11518
199,1,1,1,N,1.7,16.0,MARICOPA            ,3.11518
200,1,1,3,N,1.5,30.3,MARICOPA            ,3.11518
201,1,1,2,N,2.9,11.0,MARICOPA            ,3.11518
202,1,1,7,N,0.0,0.0,MARICOPA            ,3.11518
203,1,1,3,N,0.6,39.3,MARICOPA            ,3.11518
204,1,1,7,N,0.3,0.0,MARICOPA            ,3.11518
205,1,1,3,N,2.7,9.3,MARICOPA            ,3.11518
206,1,1,1,N,0.8,89.8,MARICOPA            ,3.11518
207,1,1,2,N,0.1,0.0,MARICOPA            ,3.11518
208,1,1,1,N,0.2,0.0,MARICOPA            ,3.11518
209,0,9,0, ,1.6,13.9,MARICOPA            ,3.11518
210,1,1,3,N,1.3,12.8,MARICOPA            ,3.11518
211,2,1,2,N,1.0,23.7,MARICOPA            ,3.11518
212,1,1,7,N,1.0,29.0,MARICOPA            ,3.11518
213,1,1,1,N,0.9,32.2,MARICOPA            ,3.11518
214,1,1,3,N,0.4,0.0,MARICOPA            ,3.11518
215,1,1,2,N,3.4,8.4,MARICOPA            ,3.11518
216,1,1,7,N,0.6,50.2,MARICOPA            ,3.11518
217,1,1,1,N,0.6,49.4,MARICOPA            ,3.11518
218,1,1,3,N,0.8,26.1,MARICOPA            ,3.11518
219,1,1,2,N,0.5,0.0,MARICOPA            ,3.11518
220,1,1,1,N,0.9,32.6,MARICOPA            ,3.11518
221,1,1,3, ,0.0,0.0,MARICOPA            ,3.11518
222,1,1,2, ,2.8,14.5,MARICOPA            ,3.11518
223,1,1,3,N,0.2,0.0,MARICOPA            ,3.11518
224,1,1,3,N,0.0,0.0,MARICOPA            ,3.11518
225,1,1,3,N,0.4,0.0,MARICOPA            ,3.11518
226,1,1,1,N,0.7,32.9,MARICOPA            ,3.11518
227,1,1,3,N,1.2,35.5,MARICOPA            ,3.11518
228,0,9,0, ,6.6,16.9,MARICOPA            ,3.11518
229,0,9,0, ,0.2,0.0,MARICOPA            ,3.11518
230,2,1,3,N,3.4,7.1,MARICOPA            ,3.11518
231,1,1,3,N,0.2,0.0,MARICOPA            ,3.11518
232,2,1,2,N,1.0,57.1,MARICOPA            ,3.11518
233,1,1,1,N,1.7,10.9,MARICOPA            ,3.11518
234,0,9,0, ,2.3,68.1,MARICOPA            ,3.11518
235,1,1,7,N,4.6,7.0,MARICOPA            ,3.11518
236,0,9,0, ,1.4,66.0,MARICOPA            ,3.11518
237,5,1,7,N,2.0,11.5,MARICOPA            ,3.11518
238,1,1,3,N,0.9,32.6,MARICOPA            ,3.11518
239,1,1,1,N,1.7,15.5,MARICOPA            ,3.11518
240,1,1,1,N,1.1,20.7,MARICOPA            ,3.11518
241,1,1,1,N,1.3,19.9,MARICOPA            ,3.11518
242,1,1,5,N,1.5,18.6,MARICOPA            ,3.11518
243,1,1,1,N,0.4,0.0,MARICOPA            ,3.11518
244,1,1,1,N,0.3,0.0,MARICOPA            ,3.11518
245,2,1,1,N,1.6,12.4,MARICOPA            ,3.11518
246,1,1,3,N,0.5,0.0,MARICOPA            ,3.11518
247,1,1,1,N,1.1,34.2,MARICOPA            ,3.11518
248,0,9,0, ,1.5,20.7,MARICOPA            ,3.11518
249,1,1,2,N,1.7,27.6,MARICOPA            ,3.11518
250,0,9,0, ,2.8,9.6,MARICOPA            ,3.11518
251,5,1,3,N,2.6,13.6,MARICOPA            ,3.11518
252,2,1,1,N,5.4,8.1,MARICOPA            ,3.11518
253,1,1,1,N,0.9,31.9,MARICOPA            ,3.11518
254,1,1,1,N,2.2,10.6,MARICOPA            ,3.11518
255,1,1,3,N,0.4,0.0,MARICOPA            ,3.11518
256,1,1,1,N,1.4,15.4,MARICOPA            ,3.11518
257,1,1,2,N,0.6,25.0,MARICOPA            ,3.11518
258,1,1,3,N,0.1,0.0,MARICOPA            ,3.11518
259,1,1,3,N,0.3,0.0,MARICOPA            ,3.11518
260,1,1,1,N,0.3,0.0,MARICOPA            ,3.11518
261,1,1,1,N,0.4,0.0,MARICOPA            ,3.11518
262,1,1,3,N,1.4,17.8,MARICOPA            ,3.11518
263,1,1,7,N,1.7,23.6,MARICOPA            ,3.11518
264,1,1,2,N,0.9,32.8,MARICOPA            ,3.11518
265,1,1,2,N,2.7,9.7,MARICOPA            ,3.11518
266,2,1,2,N,0.8,26.3,MARICOPA            ,3.11518
267,1,1,1,N,0.8,64.5,MARICOPA            ,3.11518
268,2,1,2,N,0.9,23.5,MARICOPA            ,3.11518
269,1,1,1,N,0.3,0.0,MARICOPA            ,3.11518
270,1,1,7,N,1.0,34.6,MARICOPA            ,3.11518
271,1,1,3,N,0.9,30.9,MARICOPA            ,3.11518
272,2,1,1,N,2.4,9.0,MARICOPA            ,3.11518
273,1,1,1,N,1.1,20.7,MARICOPA            ,3.11518
274,1,1,3,N,0.0,0.0,MARICOPA            ,3.11518
275,1,1,2,N,0.2,0.0,MARICOPA            ,3.11518
276,1,1,3,N,0.4,0.0,MARICOPA            ,3.11518
277,1,1,3,N,1.0,29.1,MARICOPA            ,3.11518
278,1,1,3,N,0.6,38.1,MARICOPA            ,3.11518
279,1,1,3,N,1.3,25.3,MARICOPA            ,3.11518
280,1,1,1,N,1.3,14.5,MARICOPA            ,3.11518
281,1,1,3,N,4.8,22.6,MARICOPA            ,3.11518
282,1,1,3,N,1.3,27.8,MARICOPA            ,3.11518
283,1,1,3,N,1.1,22.8,MARICOPA            ,3.11518
284,1,1,3,N,1.4,13.4,MARICOPA            ,3.11518
285,1,1,1, ,0.3,0.0,MARICOPA            ,3.11518
286,1,1,3,N,0.6,123.6,MARICOPA            ,3.11518
287,1,1,3,N,2.9,8.5,MARICOPA            ,3.11518
288,1,1,1,N,2.0,14.5,MARICOPA            ,3.11518
289,1,1,3,N,3.2,9.8,MARICOPA            ,3.11518
290,1,1,1,N,0.9,23.3,MARICOPA            ,3.11518
291,1,1,1,N,1.1,27.7,MARICOPA            ,3.11518
292,1,1,2,N,0.2,0.0,MARICOPA            ,3.11518
293,1,1,1,N,0.3,0.0,MARICOPA            ,3.11518
294,1,1,3,N,2.2,9.0,MARICOPA            ,3.11518
295,1,1,2,N,1.7,17.1,MARICOPA            ,3.11518
296,1,1,1,N,0.7,32.4,MARICOPA            ,3.11518
297,1,1,1,N,4.0,7.8,MARICOPA            ,3.11518
298,1,1,1,N,0.5,47.2,MARICOPA            ,3.11518
299,1,1,3,N,3.3,10.3,MARICOPA            ,3.11518
300,1,1,1,N,2.3,13.8,MARICOPA            ,3.11518
301,1,0,2,N,0.0,0.0,MARICOPA            ,3.11518
302,1,1,2,N,0.0,0.0,MARICOPA            ,3.11518
303,1,1,2,N,0.3,0.0,MARICOPA            ,3.11518
304,1,1,2,N,3.7,9.1,MARICOPA            ,3.11518
305,0,9,0, ,1.7,19.9,MARICOPA            ,3.11518
306,1,1,3,N,0.2,0.0,MARICOPA            ,3.11518
307,1,1,3,N,1.7,18.9,MARICOPA            ,3.11518
308,1,1,3,N,1.6,14.3,MARICOPA            ,3.11518
309,1,1,3,N,1.2,44.1,MARICOPA            ,3.11518
310,1,1,2,N,0.9,21.3,MARICOPA            ,3.11518
311,2,1,3,N,0.8,31.7,MARICOPA            ,3.11518
312,1,1,3,N,0.5,36.8,MARICOPA            ,3.11518
313,0,9,0, ,0.4,0.0,MARICOPA            ,3.11518
314,1,1,1,N,0.7,27.8,MARICOPA            ,3.11518
315,2,1,2,N,0.4,0.0,MARICOPA            ,3.11518
316,1,1,3,N,0.3,0.0,MARICOPA            ,3.11518
317,1,1,1,N,0.0,0.0,MARICOPA            ,3.11518
318,1,1,3,N,0.1,0.0,MARICOPA            ,3.11518
319,1,1,3,N,1.3,35.9,MARICOPA            ,3.11518
320,1,1,1,N,4.8,6.4,MARICOPA            ,3.11518
321,1,1,1, ,0.8,41.2,MARICOPA            ,3.11518
322,2,2,3,N,16.4,63.8,MARICOPA            ,3.11518
323,1,1,1,N,0.9,25.4,MARICOPA            ,3.11518
324,1,1,1,N,0.7,36.4,MARICOPA            ,3.11518
325,1,1,3,N,0.4,0.0,MARICOPA            ,3.11518
326,1,1,1,N,2.1,10.9,MARICOPA            ,3.11518
327,1,1,3,N,0.2,0.0,MARICOPA            ,3.11518
328,1,1,5,N,0.9,23.9,MARICOPA            ,3.11518
329,1,1,3,N,0.0,0.0,MARICOPA            ,3.11518
330,1,1,2,N,0.5,0.0,MARICOPA            ,3.11518
331,1,1,2,N,0.6,44.5,MARICOPA            ,3.11518
332,1,1,1,N,2.0,13.2,MARICOPA            ,3.11518
333,1,1,3,N,2.8,12.2,MARICOPA            ,3.11518
334,1,1,3,N,1.0,29.2,MARICOPA            ,3.11518
335,1,1,3, ,1.7,14.7,MARICOPA            ,3.11518
336,1,1,1,N,0.8,33.6,MARICOPA            ,3.11518
337,5,1,2,N,1.0,17.9,MARICOPA            ,3.11518
338,1,1,3,N,2.8,7.8,MARICOPA            ,3.11518
339,1,1,2,N,1.4,17.9,MARICOPA            ,3.11518
340,1,1,7,N,3.8,10.7,MARICOPA            ,3.11518
341,1,1,3,N,4.0,6.9,MARICOPA            ,3.11518
342,1,1,1,N,2.5,9.9,MARICOPA            ,3.11518
343,1,1,2,N,1.3,24.5,MARICOPA            ,3.11518
344,1,1,3,N,4.9,7.4,MARICOPA            ,3.11518
345,1,1,0, ,2.3,21.4,MARICOPA            ,3.11518
346,1,1,0,N,1.1,29.7,MARICOPA            ,3.11518
347,1,1,2,N,2.5,10.3,MARICOPA            ,3.11518
348,1,1,3,N,1.8,18.4,MARICOPA            ,3.11518
349,1,1,2,N,0.0,0.0,MARICOPA            ,3.11518
350,0,9,0, ,0.6,35.1,MARICOPA            ,3.11518
351,1,1,1,N,0.7,35.5,MARICOPA            ,3.11518
352,1,1,1,N,0.5,36.7,MARICOPA            ,3.11518
353,1,1,3,N,2.2,12.9,MARICOPA            ,3.11518
354,1,1,3,N,0.9,26.4,MARICOPA            ,3.11518
355,1,1,1,N,1.1,42.4,MARICOPA            ,3.11518
356,1,1,2,N,1.8,16.1,MARICOPA            ,3.11518
357,1,1,3,N,1.0,26.2,MARICOPA            ,3.11518
358,1,1,3,N,0.2,0.0,MARICOPA            ,3.11518
359,0,9,0, ,7.6,4.4,MARICOPA            ,3.11518
360,1,1,3,N,2.1,11.7,MARICOPA            ,3.11518
361,1,1,1,N,1.3,22.2,MARICOPA            ,3.11518
362,1,1,2,N,4.1,7.2,MARICOPA            ,3.11518
363,1,1,3,N,1.7,12.4,MARICOPA            ,3.11518
364,1,1,3,N,0.9,23.6,MARICOPA            ,3.11518
365,1,1,2,N,0.9,32.6,MARICOPA            ,3.11518
366,1,1,1,N,0.3,0.0,MARICOPA            ,3.11518
367,0,9,0,0,0.3,0.0,MARICOPA            ,3.11518
368,0,1,3,N,2.0,11.1,MARICOPA            ,3.11518
369,1,0,7,Y,0.4,0.0,MARICOPA            ,3.11518
370,1,1,1,N,1.2,19.8,MARICOPA            ,3.11518
371,1,1,7,N,3.0,9.9,MARICOPA            ,3.11518
372,1,1,3,N,1.1,41.9,MARICOPA            ,3.11518
373,1,1,3,N,8.0,4.0,MARICOPA            ,3.11518
374,1,1,3,N,1.3,18.5,MARICOPA            ,3.11518
375,1,1,2,N,0.8,26.2,MARICOPA            ,3.11518
376,1,1,1,N,0.1,0.0,MARICOPA            ,3.11518
377,1,1,1,N,1.1,16.1,MARICOPA            ,3.11518
378,1,1,3,N,4.3,7.0,MARICOPA            ,3.11518
379,1,1,2,N,3.5,10.6,MARICOPA            ,3.11518
380,1,1,1,N,2.0,10.6,MARICOPA            ,3.11518
381,1,1,2,N,3.4,6.0,MARICOPA            ,3.11518
382,1,1,2,N,0.5,55.9,MARICOPA            ,3.11518
383,1,1,5,N,3.7,6.9,MARICOPA            ,3.11518
384,1,1,2, ,1.7,12.4,MARICOPA            ,3.11518
385,1,1,1,N,1.5,17.1,MARICOPA            ,3.11518
386,1,1,3,N,1.8,16.7,MARICOPA            ,3.11518
387,1,1,2,N,1.1,22.5,MARICOPA            ,3.11518
388,1,1,1,N,1.5,12.9,MARICOPA            ,3.11518
389,1,1,7, ,1.4,17.7,MARICOPA            ,3.11518
390,1,1,3,N,1.0,33.5,MARICOPA            ,3.11518
391,0,9,0, ,0.9,33.0,MARICOPA            ,3.11518
392,0,9,0,0,0.4,0.0,MARICOPA            ,3.11518
393,1,1,1,N,50.8,1.4,MARICOPA            ,3.11518
394,5,1,3,N,2.0,11.7,MARICOPA            ,3.11518
395,1,1,3,N,2.2,12.0,MARICOPA            ,3.11518
396,1,1,1,N,1.7,19.2,MARICOPA            ,3.11518
397,1,1,1,N,3.4,9.6,MARICOPA            ,3.11518
398,1,1,1,N,1.6,13.5,MARICOPA            ,3.11518
399,1,1,3,N,0.3,0.0,MARICOPA            ,3.11518
400,1,1,1,N,0.1,0.0,MARICOPA            ,3.11518
401,2,2,1,N,0.1,0.0,MARICOPA            ,3.11518
402,1,1,3,N,0.4,0.0,MARICOPA            ,3.11518
403,1,1,2,N,2.9,11.5,MARICOPA            ,3.11518
404,1,1,1,N,0.6,49.6,MARICOPA            ,3.11518
405,1,1,3,N,0.8,23.5,MARICOPA            ,3.11518
406,1,1,1,N,1.7,14.7,MARICOPA            ,3.11518
407,1,1,1,N,0.7,26.7,MARICOPA            ,3.11518
408,1,1,3,N,3.9,6.0,MARICOPA            ,3.11518
409,2,2,2,N,1.0,57.2,MARICOPA            ,3.11518
410,1,1,3,N,1.1,18.8,MARICOPA            ,3.11518
411,1,1,2,N,2.3,11.4,MARICOPA            ,3.11518
412,1,1,1,N,0.9,16.6,MARICOPA            ,3.11518
413,1,1,1,N,1.0,20.4,MARICOPA            ,3.11518
414,1,1,3,N,2.1,15.7,MARICOPA            ,3.11518
415,1,1,1,N,0.5,42.6,MARICOPA            ,3.11518
416,1,1,7,N,0.4,0.0,MARICOPA            ,3.11518
417,5,1,3,N,3.6,11.5,MARICOPA            ,3.11518
418,1,1,3,N,0.6,46.1,MARICOPA            ,3.11518
419,1,1,3,N,0.2,0.0,MARICOPA            ,3.11518
420,1,1,3,N,0.8,47.2,MARICOPA            ,3.11518
421,1,1,3,N,1.2,23.6,MARICOPA            ,3.11518
422,0,9,0, ,3.8,6.1,MARICOPA            ,3.11518
423,1,1,2,N,1.9,11.7,MARICOPA            ,3.11518
424,1,1,2,N,2.4,11.0,MARICOPA            ,3.11518
425,1,1,1,N,1.7,14.8,MARICOPA            ,3.11518
426,1,1,7,N,1.3,18.4,MARICOPA            ,3.11518
427,0,9,0, ,0.4,0.0,MARICOPA            ,3.11518
428,1,1,3,N,0.5,0.0,MARICOPA            ,3.11518
429,2,1,2,N,0.1,0.0,MARICOPA            ,3.11518
430,1,1,3,N,0.5,43.4,MARICOPA            ,3.11518
431,1,1,3,N,0.0,0.0,MARICOPA            ,3.11518
432,1,1,2,N,1.1,21.4,MARICOPA            ,3.11518
433,1,1,3,N,0.4,0.0,MARICOPA            ,3.11518
434,1,1,1,N,0.6,42.8,MARICOPA            ,3.11518
435,1,1,1,N,0.3,0.0,MARICOPA            ,3.11518
436,1,1,3,N,1.9,14.8,MARICOPA            ,3.11518
437,1,1,2,N,0.4,0.0,MARICOPA            ,3.11518
438,1,1,1,N,2.5,11.5,MARICOPA            ,3.11518
439,1,1,3,N,1.1,24.7,MARICOPA            ,3.11518
440,1,1,1,N,0.5,0.0,MARICOPA            ,3.11518
441,1,1,1,N,1.1,33.2,MARICOPA            ,3.11518
442,1,1,3,N,1.8,29.3,MARICOPA            ,3.11518
443,1,1,3,N,0.7,25.6,MARICOPA            ,3.11518
444,1,1,3,N,1.6,32.2,MARICOPA            ,3.11518
445,1,1,2,N,4.5,7.7,MARICOPA            ,3.11518
446,1,1,3,N,0.9,37.2,MARICOPA            ,3.11518
447,1,1,1,N,0.1,0.0,MARICOPA            ,3.11518
448,0,9,0, ,0.5,0.0,MARICOPA            ,3.11518
449,1,1,3,N,3.1,13.5,MARICOPA            ,3.11518
450,1,1,3,N,1.7,16.0,MARICOPA            ,3.11518
451,1,1,3,N,1.8,22.5,MARICOPA            ,3.11518
452,1,1,1,N,1.1,39.0,MARICOPA            ,3.11518
453,1,1,3,N,0.8,21.4,MARICOPA            ,3.11518
454,1,1,3,N,0.3,0.0,MARICOPA            ,3.11518
455,1,1,4,N,1.4,12.4,MARICOPA            ,3.11518
456,1,1,3,N,0.1,0.0,MARICOPA            ,3.11518
457,1,1,3,N,4.2,8.5,MARICOPA            ,3.11518
458,1,1,7,N,0.8,22.6,MARICOPA            ,3.11518
459,1,1,3,N,0.7,34.7,MARICOPA            ,3.11518
460,1,1,1,N,0.8,35.6,MARICOPA            ,3.11518
461,5,1,3,N,1.6,13.4,MARICOPA            ,3.11518
462,1,1,2,N,1.3,20.2,MARICOPA            ,3.11518
463,1,1,2,N,0.9,39.6,MARICOPA            ,3.11518
464,1,1,3,N,0.8,24.7,MARICOPA            ,3.11518
465,2,1,2, ,1.3,22.5,MARICOPA            ,3.11518
466,1,1,1,N,1.2,18.8,MARICOPA            ,3.11518
467,5,1,1,N,0.2,0.0,MARICOPA            ,3.11518
468,1,1,3,N,0.2,0.0,MARICOPA            ,3.11518
469,1,1,2,N,0.6,30.2,MARICOPA            ,3.11518
470,2,1,3,N,0.1,0.0,MARICOPA            ,3.11518
471,1,1,3,N,0.5,47.0,MARICOPA            ,3.11518
472,1,1,1,N,0.0,0.0,MARICOPA            ,3.11518
473,1,1,3,N,0.4,0.0,MARICOPA            ,3.11518
474,1,1,2,N,1.1,16.5,MARICOPA            ,3.11518
475,1,1,1,N,1.7,14.2,MARICOPA            ,3.11518
476,1,1,3,N,2.3,14.6,MARICOPA            ,3.11518
477,1,1,3,N,1.4,17.8,MARICOPA            ,3.11518
478,1,1,3,N,2.1,17.7,MARICOPA            ,3.11518
479,1,1,1,N,1.6,21.5,MARICOPA            ,3.11518
480,1,1,3,N,0.8,25.9,MARICOPA            ,3.11518
481,1,1,0,N,0.3,0.0,MARICOPA            ,3.11518
482,1,1,3,N,0.2,0.0,MARICOPA            ,3.11518
483,1,1,3,N,0.4,0.0,MARICOPA            ,3.11518
484,1,1,2,N,0.4,0.0,MARICOPA            ,3.11518
485,1,1,1,N,1.7,11.1,MARICOPA            ,3.11518
486,1,1,1,N,2.1,11.1,MARICOPA            ,3.11518
487,2,1,3,N,0.2,0.0,MARICOPA            ,3.11518
488,1,1,1,N,1.9,16.3,MARICOPA            ,3.11518
489,1,1,3,N,5.1,6.2,MARICOPA            ,3.11518
490,1,1,2,N,1.5,19.8,MARICOPA            ,3.11518
491,1,1,2,N,2.1,12.8,MARICOPA            ,3.11518
492,1,1,1,N,1.4,16.5,MARICOPA            ,3.11518
493,1,0,2,Y,2.2,9.1,MARICOPA            ,3.11518
494,2,1,3,N,0.8,29.7,MARICOPA            ,3.11518
495,1,1,3,N,0.5,28.8,MARICOPA            ,3.11518
496,1,1,3,N,0.5,0.0,MARICOPA            ,3.11518
497,1,1,3,N,1.3,15.8,MARICOPA            ,3.11518
498,1,1,2,N,6.8,5.9,MARICOPA            ,3.11518
499,0,9,0, ,0.0,0.0,MARICOPA            ,3.11518
500,1,1,3,N,5.2,6.5,MARICOPA            ,3.11518
501,1,1,3,N,1.7,12.8,MARICOPA            ,3.11518
502,1,1,1,N,0.8,38.1,MARICOPA            ,3.11518
503,1,1,1,N,1.2,24.3,MARICOPA            ,3.11518
504,1,1,1,N,0.9,22.2,MARICOPA            ,3.11518
505,0,9,0, ,2.3,17.2,MARICOPA            ,3.11518
506,1,1,1,N,1.5,18.2,MARICOPA            ,3.11518
507,1,0,2,Y,2.3,17.2,MARICOPA            ,3.11518
508,1,1,3,N,2.9,20.3,MARICOPA            ,3.11518
509,1,1,3,N,0.4,0.0,MARICOPA            ,3.11518
510,1,1,3,N,0.5,0.0,MARICOPA            ,3.11518
511,2,1,3,N,0.2,0.0,MARICOPA            ,3.11518
512,1,1,2,N,1.1,34.4,MARICOPA            ,3.11518
513,1,1,3,N,0.8,36.1,MARICOPA            ,3.11518
514,1,1,1,N,0.5,0.0,MARICOPA            ,3.11518
515,1,1,3,N,1.5,15.4,MARICOPA            ,3.11518
516,1,1,3,N,0.0,0.0,MARICOPA            ,3.11518
517,1,0,0,Y,3.9,6.9,MARICOPA            ,3.11518
518,1,1,1,N,1.3,20.5,MARICOPA            ,3.11518
519,1,1,1,N,3.6,9.4,MARICOPA            ,3.11518
520,1,1,1, ,0.8,49.3,MARICOPA            ,3.11518
521,2,1,2,N,1.8,12.5,MARICOPA            ,3.11518
522,1,1,3,N,4.1,9.5,MARICOPA            ,3.11518
523,1,0,7,Y,1.0,34.8,MARICOPA            ,3.11518
524,1,1,1,N,0.3,0.0,MARICOPA            ,3.11518
525,1,1,2,N,1.2,31.4,MARICOPA            ,3.11518
526,2,1,1,N,0.9,31.8,MARICOPA            ,3.11518
527,2,1,1,N,1.3,18.9,MARICOPA            ,3.11518
528,1,1,3,N,1.0,34.0,MARICOPA            ,3.11518
529,1,1,3,N,0.2,0.0,MARICOPA            ,3.11518
530,5,1,2,N,0.4,0.0,MARICOPA            ,3.11518
531,1,1,3,N,1.8,12.4,MARICOPA            ,3.11518
532,1,1,2,N,5.3,6.9,MARICOPA            ,3.11518
533,1,1,3,N,3.6,6.3,MARICOPA            ,3.11518
534,1,1,3,N,2.0,11.7,MARICOPA            ,3.11518
535,1,1,1,N,3.3,10.7,MARICOPA            ,3.11518
536,1,1,1,N,2.6,12.5,MARICOPA            ,3.11518
537,1,1,3,N,1.4,18.8,MARICOPA            ,3.11518
538,1,1,7,N,0.8,26.7,MARICOPA            ,3.11518
539,0,9,0, ,1.5,21.9,MARICOPA            ,3.11518
540,1,1,1,N,1.6,25.5,MARICOPA            ,3.11518
541,1,1,1,N,1.5,20.1,MARICOPA            ,3.11518
542,1,1,3,N,0.4,0.0,MARICOPA            ,3.11518
543,0,9,0, ,0.4,0.0,MARICOPA            ,3.11518
544,1,1,2,N,1.8,14.4,MARICOPA            ,3.11518
545,2,1,1,N,0.7,28.9,MARICOPA            ,3.11518
546,1,1,1,N,0.3,0.0,MARICOPA            ,3.11518
547,0,9,0, ,0.6,39.9,MARICOPA            ,3.11518
548,1,1,2,N,4.2,6.8,MARICOPA            ,3.11518
549,1,1,1,Y,0.2,0.0,MARICOPA            ,3.11518
550,2,1,3,N,0.8,26.1,MARICOPA            ,3.11518
551,1,1,2,N,5.0,6.6,MARICOPA            ,3.11518
552,1,1,1,N,2.2,13.5,MARICOPA            ,3.11518
553,1,1,2,N,1.3,17.7,MARICOPA            ,3.11518
554,1,1,1,N,4.5,7.9,MARICOPA            ,3.11518
555,1,1,1,N,0.9,20.8,MARICOPA            ,3.11518
556,1,1,2,N,2.9,15.2,MARICOPA            ,3.11518
557,1,1,3,N,0.8,30.8,MARICOPA            ,3.11518
558,5,1,3,N,0.3,0.0,MARICOPA            ,3.11518
559,1,1,1,N,3.9,6.1,MARICOPA            ,3.11518
560,0,9,0, ,1.6,15.7,MARICOPA            ,3.11518
561,5,1,3,N,0.7,35.8,MARICOPA            ,3.11518
562,1,1,3,N,1.1,19.7,MARICOPA            ,3.11518
563,1,1,2,N,1.2,21.7,MARICOPA            ,3.11518
564,2,2,3,N,0.4,0.0,MARICOPA            ,3.11518
565,1,1,3,N,1.9,15.4,MARICOPA            ,3.11518
566,2,1,1,N,0.8,67.9,MARICOPA            ,3.11518
567,1,1,1,N,0.5,0.0,MARICOPA            ,3.11518
568,1,1,3,N,1.0,18.4,MARICOPA            ,3.11518
569,1,1,3,N,5.6,7.0,MARICOPA            ,3.11518
570,1,1,3,N,1.3,16.7,MARICOPA            ,3.11518
571,1,1,1,N,1.2,28.1,MARICOPA            ,3.11518
572,1,1,3,N,6.5,6.1,MARICOPA            ,3.11518
573,5,1,3,N,3.6,10.3,MARICOPA            ,3.11518
574,1,1,3,N,3.7,9.2,MARICOPA            ,3.11518
575,1,1,2,N,1.1,17.4,MARICOPA            ,3.11518
576,1,1,2, ,1.6,15.3,MARICOPA            ,3.11518
577,1,1,3,N,1.1,16.5,MARICOPA            ,3.11518
578,1,1,1,N,3.3,12.5,MARICOPA            ,3.11518
579,1,1,3,N,2.7,12.3,MARICOPA            ,3.11518
580,1,1,1,N,1.7,12.7,MARICOPA            ,3.11518
581,1,1,3,N,1.9,13.6,MARICOPA            ,3.11518
582,1,1,1, ,1.1,25.3,MARICOPA            ,3.11518
583,1,1,2,N,1.5,13.6,MARICOPA            ,3.11518
584,1,1,3,N,0.8,68.2,MARICOPA            ,3.11518
585,1,1,3,Y,1.5,17.4,MARICOPA            ,3.11518
586,1,1,3,N,2.7,10.4,MARICOPA            ,3.11518
587,1,1,1,N,2.9,11.0,MARICOPA            ,3.11518
588,1,1,3,N,1.9,20.9,MARICOPA            ,3.11518
589,1,1,3, ,3.4,8.3,MARICOPA            ,3.11518
590,1,1,1,N,1.0,29.5,MARICOPA            ,3.11518
591,1,1,2,N,0.7,26.1,MARICOPA            ,3.11518
592,1,1,1,N,1.1,44.4,MARICOPA            ,3.11518
593,1,1,3,N,0.7,29.8,MARICOPA            ,3.11518
594,0,3,0, ,0.4,0.0,MARICOPA            ,3.11518
595,1,1,3,N,2.4,13.5,MARICOPA            ,3.11518
596,1,1,3,N,5.2,7.7,MARICOPA            ,3.11518
597,1,1,7,N,1.3,21.8,MARICOPA            ,3.11518
598,1,0,1,Y,0.9,35.0,MARICOPA            ,3.11518
599,1,1,1,N,0.3,0.0,MARICOPA            ,3.11518
600,1,0,7,Y,6.2,11.9,MARICOPA            ,3.11518
601,1,1,1,N,1.1,16.6,MARICOPA            ,3.11518
602,1,1,5,N,1.1,22.9,MARICOPA            ,3.11518
603,1,1,3,N,2.1,11.0,MARICOPA            ,3.11518
604,1,1,1,N,0.8,28.1,MARICOPA            ,3.11518
605,1,1,5,N,3.9,18.0,MARICOPA            ,3.11518
606,1,1,3,N,2.6,11.1,MARICOPA            ,3.11518
607,1,1,3,N,2.9,8.5,MARICOPA            ,3.11518
608,1,1,3,N,0.7,31.6,MARICOPA            ,3.11518
609,1,1,3,N,5.1,22.4,MARICOPA            ,3.11518
610,1,1,3,N,2.6,10.3,MARICOPA            ,3.11518
611,1,1,1,N,2.2,10.7,MARICOPA            ,3.11518
612,1,1,3,N,3.8,16.5,MARICOPA            ,3.11518
613,1,1,2,N,1.8,12.7,MARICOPA            ,3.11518
614,1,1,1,N,2.0,19.8,MARICOPA            ,3.11518
615,1,1,3,N,1.6,17.2,MARICOPA            ,3.11518
616,1,1,1,N,1.0,28.6,MARICOPA            ,3.11518
617,1,1,1,N,3.3,15.8,MARICOPA            ,3.11518
618,2,1,3,N,2.1,14.1,MARICOPA            ,3.11518
619,1,1,1,N,0.9,23.0,MARICOPA            ,3.11518
620,1,1,3,N,0.7,25.4,MARICOPA            ,3.11518
621,1,1,2,N,0.9,41.4,MARICOPA            ,3.11518
622,1,1,1,N,0.9,26.4,MARICOPA            ,3.11518
623,0,1,2,N,0.3,0.0,MARICOPA            ,3.11518
624,0,9,0, ,0.8,36.4,MARICOPA            ,3.11518
625,1,1,3,N,0.8,32.5,MARICOPA            ,3.11518
626,1,1,2,N,0.7,37.9,MARICOPA            ,3.11518
627,1,1,1,N,0.4,0.0,MARICOPA            ,3.11518
628,1,1,2,N,1.2,27.3,MARICOPA            ,3.11518
629,0,9,0, ,0.6,44.2,MARICOPA            ,3.11518
630,1,1,1,N,2.1,13.7,MARICOPA            ,3.11518
631,1,1,3,N,1.9,13.1,MARICOPA            ,3.11518
632,1,1,7,N,0.8,96.9,MARICOPA            ,3.11518
633,1,1,1,N,0.8,34.6,MARICOPA            ,3.11518
634,1,1,3,N,0.5,0.0,MARICOPA            ,3.11518
635,1,1,1,N,0.2,0.0,MARICOPA            ,3.11518
636,1,1,1,N,4.6,5.4,MARICOPA            ,3.11518
637,1,1,3,N,4.2,7.3,MARICOPA            ,3.11518
638,1,1,2,N,2.5,19.8,MARICOPA            ,3.11518
639,1,0,1,Y,4.3,10.0,MARICOPA            ,3.11518
640,1,1,2,N,2.7,10.8,MARICOPA            ,3.11518
641,0,9,0, ,5.7,5.5,MARICOPA            ,3.11518
642,1,1,2,N,0.7,42.5,MARICOPA            ,3.11518
643,1,1,3,N,1.0,20.6,MARICOPA            ,3.11518
644,1,1,3,N,1.4,24.6,MARICOPA            ,3.11518
645,1,1,1,N,1.0,28.9,MARICOPA            ,3.11518
646,1,0,1,Y,0.6,49.3,MARICOPA            ,3.11518
647,1,1,2,N,4.0,6.3,MARICOPA            ,3.11518
648,0,9,0, ,6.0,9.1,MARICOPA            ,3.11518
649,1,1,2,N,4.0,8.1,MARICOPA            ,3.11518
650,1,1,3,N,1.6,25.2,MARICOPA            ,3.11518
651,1,1,3,N,3.0,10.4,MARICOPA            ,3.11518
652,1,1,3,N,0.3,0.0,MARICOPA            ,3.11518
653,1,1,3,N,1.1,28.1,MARICOPA            ,3.11518
654,0,9,0, ,0.7,53.2,MARICOPA            ,3.11518
655,1,1,3,N,0.8,31.0,MARICOPA            ,3.11518
656,1,1,3,N,1.1,20.5,MARICOPA            ,3.11518
657,0,9,0, ,1.5,14.2,MARICOPA            ,3.11518
658,1,1,1,N,2.0,9.6,MARICOPA            ,3.11518
659,2,1,3,N,1.2,19.0,MARICOPA            ,3.11518
660,1,1,1,N,1.1,18.6,MARICOPA            ,3.11518
661,1,1,3,N,1.7,12.7,MARICOPA            ,3.11518
662,1,1,1,N,1.7,14.0,MARICOPA            ,3.11518
663,1,1,2,N,0.7,42.7,MARICOPA            ,3.11518
664,1,1,1,N,0.9,25.7,MARICOPA            ,3.11518
665,1,0,1,Y,1.0,23.3,MARICOPA            ,3.11518
666,1,1,3,N,0.5,0.0,MARICOPA            ,3.11518
667,2,1,1,N,1.1,18.6,MARICOPA            ,3.11518
668,2,1,3,N,0.8,27.3,MARICOPA            ,3.11518
669,1,1,3,N,1.5,13.5,MARICOPA            ,3.11518
670,1,1,1,N,1.3,21.7,MARICOPA            ,3.11518
671,1,1,3,N,1.5,22.4,MARICOPA            ,3.11518
672,1,1,1,N,1.3,31.3,MARICOPA            ,3.11518
673,1,1,3,N,2.5,12.6,MARICOPA            ,3.11518
674,1,1,7,N,3.8,8.0,MARICOPA            ,3.11518
675,1,1,2,N,0.9,22.2,MARICOPA            ,3.11518
676,1,1,3,N,1.0,21.0,MARICOPA            ,3.11518
677,1,1,3,N,1.6,15.0,MARICOPA            ,3.11518
678,1,1,1,N,1.9,14.2,MARICOPA            ,3.11518
679,2,1,3,N,0.1,0.0,MARICOPA            ,3.11518
680,1,1,2,N,1.5,12.1,MARICOPA            ,3.11518
681,1,1,3,N,1.6,16.0,MARICOPA            ,3.11518
682,1,1,1,N,0.9,26.2,MARICOPA            ,3.11518
683,1,1,1,N,1.3,19.7,MARICOPA            ,3.11518
684,1,1,3,N,1.3,23.9,MARICOPA            ,3.11518
685,1,0,2,Y,4.3,6.3,MARICOPA            ,3.11518
686,1,1,1,N,1.2,21.7,MARICOPA            ,3.11518
687,1,1,2,N,0.0,0.0,MARICOPA            ,3.11518
688,2,1,1,N,1.2,18.3,MARICOPA            ,3.11518
689,1,1,1,N,0.8,29.9,MARICOPA            ,3.11518
690,1,1,3,N,1.1,21.9,MARICOPA            ,3.11518
691,0,9,0, ,2.6,10.9,MARICOPA            ,3.11518
692,1,1,2,N,6.1,5.0,MARICOPA            ,3.11518
693,1,1,3,N,4.8,8.9,MARICOPA            ,3.11518
694,1,1,3,N,5.6,9.8,MARICOPA            ,3.11518
695,1,1,3,N,6.1,5.7,MARICOPA            ,3.11518
696,1,1,7,N,1.8,19.8,MARICOPA            ,3.11518
697,1,0,7,Y,1.5,27.2,MARICOPA            ,3.11518
698,1,0,3,N,2.9,9.5,MARICOPA            ,3.11518
699,2,1,1,N,3.9,9.5,MARICOPA            ,3.11518
700,1,1,3,N,5.0,6.0,MARICOPA            ,3.11518
701,1,1,7,N,1.2,16.3,MARICOPA            ,3.11518
702,1,1,2,N,1.3,18.4,MARICOPA            ,3.11518
703,1,1,2,N,1.2,16.0,MARICOPA            ,3.11518
704,1,1,1,N,0.7,25.1,MARICOPA            ,3.11518
705,1,1,3,N,1.3,17.3,MARICOPA            ,3.11518
706,0,9,0, ,0.8,34.9,MARICOPA            ,3.11518
707,1,1,1,N,1.4,15.9,MARICOPA            ,3.11518
708,1,1,2,N,4.9,5.8,MARICOPA            ,3.11518
709,1,1,3,N,2.4,11.5,MARICOPA            ,3.11518
710,1,1,3,N,2.7,8.9,MARICOPA            ,3.11518
711,1,1,1,N,0.8,50.7,MARICOPA            ,3.11518
712,1,1,1,N,2.2,15.6,MARICOPA            ,3.11518
713,1,1,2,N,2.1,10.1,MARICOPA            ,3.11518
714,1,1,1,N,4.4,7.7,MARICOPA            ,3.11518
715,2,1,1,N,0.9,27.1,MARICOPA            ,3.11518
716,1,1,1,N,1.2,23.7,MARICOPA            ,3.11518
717,1,1,2,N,0.3,0.0,MARICOPA            ,3.11518
718,1,1,1,N,1.3,22.0,MARICOPA            ,3.11518
719,1,1,1,N,0.7,38.9,MARICOPA            ,3.11518
720,1,1,3,N,2.3,13.4,MARICOPA            ,3.11518
721,0,9,0, ,3.2,7.8,MARICOPA            ,3.11518
722,1,1,1,N,0.4,0.0,MARICOPA            ,3.11518
723,1,1,2,N,0.5,0.0,MARICOPA            ,3.11518
724,1,1,1,N,2.4,10.8,MARICOPA            ,3.11518
725,0,9,0, ,0.6,30.0,MARICOPA            ,3.11518
726,1,1,2,N,0.9,35.4,MARICOPA            ,3.11518
727,1,1,1,N,4.1,7.5,MARICOPA            ,3.11518
728,1,1,3,N,3.1,9.7,MARICOPA            ,3.11518
729,1,1,2,N,1.9,22.0,MARICOPA            ,3.11518
730,1,1,2,N,6.1,5.0,MARICOPA            ,3.11518
731,1,1,2,N,5.6,6.6,MARICOPA            ,3.11518
732,1,1,3,N,1.0,16.7,MARICOPA            ,3.11518
733,2,2,3,N,0.3,0.0,MARICOPA            ,3.11518
734,1,1,1,N,2.4,10.2,MARICOPA            ,3.11518
735,0,9,0, ,2.0,19.2,MARICOPA            ,3.11518
736,1,1,1,N,2.2,12.6,MARICOPA            ,3.11518
737,1,1,1,N,2.3,11.0,MARICOPA            ,3.11518
738,1,1,1,N,2.1,12.2,MARICOPA            ,3.11518
739,1,1,1,N,6.3,4.8,MARICOPA            ,3.11518
740,5,1,3,N,1.1,24.0,MARICOPA            ,3.11518
741,1,1,2,N,1.6,14.5,MARICOPA            ,3.11518
742,1,1,2,N,0.4,0.0,MARICOPA            ,3.11518
743,1,1,3,N,3.8,9.0,MARICOPA            ,3.11518
744,3,1,5,N,0.4,0.0,MARICOPA            ,3.11518
745,0,9,0, ,1.7,15.3,MARICOPA            ,3.11518
746,2,1,3,N,0.2,0.0,MARICOPA            ,3.11518
747,1,1,3,N,0.7,35.6,MARICOPA            ,3.11518
748,2,1,7,N,2.8,9.6,MARICOPA            ,3.11518
749,0,9,0, ,0.3,0.0,MARICOPA            ,3.11518
750,1,1,2,N,11.6,4.9,MARICOPA            ,3.11518
751,0,9,0, ,0.7,33.1,MARICOPA            ,3.11518
752,2,1,3,N,3.1,8.1,MARICOPA            ,3.11518
753,1,1,3,N,3.8,7.7,MARICOPA            ,3.11518
754,1,1,1,N,3.3,10.5,MARICOPA            ,3.11518
755,1,1,2,N,4.4,7.3,MARICOPA            ,3.11518
756,1,1,3,N,3.2,11.4,MARICOPA            ,3.11518
757,1,1,1,N,2.0,13.1,MARICOPA            ,3.11518
758,0,3,0, ,2.8,10.6,MARICOPA            ,3.11518
759,1,0,2,Y,2.1,16.1,MARICOPA            ,3.11518
760,1,1,3,N,5.0,6.2,MARICOPA            ,3.11518
761,1,1,7,N,2.0,13.0,MARICOPA            ,3.11518
762,1,1,7, ,1.9,13.6,MARICOPA            ,3.11518
763,1,1,1,N,0.5,0.0,MARICOPA            ,3.11518
764,1,1,2,N,3.0,12.5,MARICOPA            ,3.11518
765,1,1,3,N,1.4,18.1,MARICOPA            ,3.11518
766,1,1,1,N,2.7,10.7,MARICOPA            ,3.11518
767,1,1,3,N,1.3,22.3,MARICOPA            ,3.11518
768,2,1,1,N,0.3,0.0,MARICOPA            ,3.11518
769,1,1,3,N,2.0,13.0,MARICOPA            ,3.11518
770,1,1,3,N,3.3,6.7,MARICOPA            ,3.11518
771,1,1,1,N,5.7,6.7,MARICOPA            ,3.11518
772,1,1,2,N,0.1,0.0,MARICOPA            ,3.11518
773,1,1,1,N,0.3,0.0,MARICOPA            ,3.11518
774,1,1,2,N,1.6,16.3,MARICOPA            ,3.11518
775,5,1,2,N,1.9,27.0,MARICOPA            ,3.11518
776,1,1,1,N,2.1,10.8,MARICOPA            ,3.11518
777,1,1,2,N,2.0,20.6,MARICOPA            ,3.11518
778,1,1,1,N,3.1,37.8,MARICOPA            ,3.11518
779,5,1,1,N,1.2,17.2,MARICOPA            ,3.11518
780,1,1,2,N,1.1,16.7,MARICOPA            ,3.11518
781,1,1,1,N,7.3,5.8,MARICOPA            ,3.11518
782,0,9,0, ,3.7,11.9,MARICOPA            ,3.11518
783,1,1,1,N,2.6,10.5,MARICOPA            ,3.11518
784,1,1,7,N,0.8,30.8,MARICOPA            ,3.11518
785,1,1,1,N,2.7,9.3,MARICOPA            ,3.11518
786,1,1,1,N,4.4,7.7,MARICOPA            ,3.11518
787,1,1,3,N,2.9,7.5,MARICOPA            ,3.11518
788,1,1,3,N,0.3,0.0,MARICOPA            ,3.11518
789,1,1,3,N,1.1,18.3,MARICOPA            ,3.11518
790,1,1,3,N,1.8,19.9,MARICOPA            ,3.11518
791,1,1,1,N,4.9,7.9,MARICOPA            ,3.11518
792,1,1,3,N,5.0,6.4,MARICOPA            ,3.11518
793,1,0,2,Y,4.1,8.8,MARICOPA            ,3.11518
794,1,1,3,N,2.9,8.6,MARICOPA            ,3.11518
795,1,1,3,N,1.0,17.8,MARICOPA            ,3.11518
796,1,1,1,N,2.2,14.5,MARICOPA            ,3.11518
797,1,1,3,N,1.4,17.7,MARICOPA            ,3.11518
798,1,1,2,N,2.2,13.8,MARICOPA            ,3.11518
799,1,1,1,N,0.6,35.8,MARICOPA            ,3.11518
800,1,1,1,N,2.2,10.6,MARICOPA            ,3.11518
801,1,1,7,N,1.8,13.9,MARICOPA            ,3.11518
802,0,9,0, ,0.9,44.9,MARICOPA            ,3.11518
803,0,9,0, ,0.7,47.3,MARICOPA            ,3.11518
804,1,1,1,N,1.1,26.0,MARICOPA            ,3.11518
805,1,1,2,N,0.6,32.8,MARICOPA            ,3.11518
806,2,0,2,Y,1.0,24.8,MARICOPA            ,3.11518
807,1,1,7,N,0.8,29.6,MARICOPA            ,3.11518
808,5,1,3,N,0.3,0.0,MARICOPA            ,3.11518
809,1,1,1,N,6.0,5.4,MARICOPA            ,3.11518
810,1,1,1,N,1.1,22.0,MARICOPA            ,3.11518
811,1,1,1,N,1.6,18.2,MARICOPA            ,3.11518
812,1,1,3,N,0.9,23.8,MARICOPA            ,3.11518
813,1,1,3,N,2.2,15.3,MARICOPA            ,3.11518
814,2,1,3,N,0.7,31.4,MARICOPA            ,3.11518
815,1,1,3,N,2.0,12.0,MARICOPA            ,3.11518
816,1,1,2,N,1.3,19.5,MARICOPA            ,3.11518
817,2,1,1,N,5.6,5.0,MARICOPA            ,3.11518
818,1,1,1,N,0.4,0.0,MARICOPA            ,3.11518
819,1,1,1,N,1.5,13.4,MARICOPA            ,3.11518
820,1,1,2,N,0.5,39.9,MARICOPA            ,3.11518
821,1,1,3,N,0.6,53.5,MARICOPA            ,3.11518
822,1,1,2,N,0.1,0.0,MARICOPA            ,3.11518
823,1,1,1,N,1.7,17.6,MARICOPA            ,3.11518
824,1,1,1,N,0.9,21.3,MARICOPA            ,3.11518
825,1,1,3,N,0.8,28.5,MARICOPA            ,3.11518
826,1,1,1,N,1.9,15.7,MARICOPA            ,3.11518
827,1,1,2,N,1.4,31.5,MARICOPA            ,3.11518
828,1,1,1,N,5.1,7.4,MARICOPA            ,3.11518
829,1,1,3,N,0.8,18.3,MARICOPA            ,3.11518
830,1,1,3,N,1.1,14.3,MARICOPA            ,3.11518
831,1,1,3,N,0.8,36.9,MARICOPA            ,3.11518
832,1,1,1,N,3.2,11.5,MARICOPA            ,3.11518
833,1,1,3,N,1.4,22.1,MARICOPA            ,3.11518
834,1,1,3,N,1.2,23.1,MARICOPA            ,3.11518
835,0,9,0, ,0.1,0.0,MARICOPA            ,3.11518
836,1,1,2,N,0.8,21.7,MARICOPA            ,3.11518
837,1,1,1,N,0.2,0.0,MARICOPA            ,3.11518
838,1,1,1,N,0.6,33.4,MARICOPA            ,3.11518
839,1,1,2,N,0.6,34.4,MARICOPA            ,3.11518
840,5,1,3,N,1.3,24.2,MARICOPA            ,3.11518
841,1,1,3,N,0.7,62.9,MARICOPA            ,3.11518
842,1,1,3, ,3.3,9.1,MARICOPA            ,3.11518
843,1,1,3,N,1.2,18.8,MARICOPA            ,3.11518
844,1,1,1,N,0.9,26.5,MARICOPA            ,3.11518
845,1,1,3,N,0.0,0.0,MARICOPA            ,3.11518
846,1,1,3,N,0.0,0.0,MARICOPA            ,3.11518
847,1,1,2,N,0.5,33.5,MARICOPA            ,3.11518
848,1,1,1,N,0.9,32.9,MARICOPA            ,3.11518
849,1,1,2,N,1.3,23.8,MARICOPA            ,3.11518
850,1,1,3,N,1.2,21.0,MARICOPA            ,3.11518
851,1,1,3,N,1.1,25.0,MARICOPA            ,3.11518
852,1,1,1,N,1.2,18.3,MARICOPA            ,3.11518
853,1,1,1,N,1.4,58.4,MARICOPA            ,3.11518
854,1,1,1,N,1.5,16.2,MARICOPA            ,3.11518
855,1,1,7,N,1.9,13.0,MARICOPA            ,3.11518
856,1,1,1,N,0.1,0.0,MARICOPA            ,3.11518
857,1,1,1,N,1.1,27.4,MARICOPA            ,3.11518
858,1,1,2,N,2.4,20.0,MARICOPA            ,3.11518
859,1,1,3,N,0.3,0.0,MARICOPA            ,3.11518
860,1,1,2,N,0.4,0.0,MARICOPA            ,3.11518
861,1,1,3,N,0.4,0.0,MARICOPA            ,3.11518
862,1,1,7,N,2.2,9.5,MARICOPA            ,3.11518
863,1,1,1,N,13.9,3.5,MARICOPA            ,3.11518
864,1,1,3,N,4.1,6.6,MARICOPA            ,3.11518
865,1,1,2,N,2.1,11.6,MARICOPA            ,3.11518
866,1,1,3,N,1.4,14.9,MARICOPA            ,3.11518
867,1,1,3,Y,0.6,31.0,MARICOPA            ,3.11518
868,1,1,3,N,0.4,0.0,MARICOPA            ,3.11518
869,1,1,3,N,0.7,26.7,MARICOPA            ,3.11518
870,1,1,1,N,0.5,0.0,MARICOPA            ,3.11518
871,1,1,1,N,0.8,27.0,MARICOPA            ,3.11518
872,1,1,3,N,3.3,7.8,MARICOPA            ,3.11518
873,1,1,2,N,3.9,6.2,MARICOPA            ,3.11518
874,1,0,3,N,1.8,13.1,MARICOPA            ,3.11518
875,1,1,3,N,0.6,56.2,MARICOPA            ,3.11518
876,0,9,0, ,0.7,21.9,MARICOPA            ,3.11518
877,1,1,3,N,2.5,9.4,MARICOPA            ,3.11518
878,1,1,3,N,1.2,21.2,MARICOPA            ,3.11518
879,1,1,1,N,1.3,19.4,MARICOPA            ,3.11518
880,1,1,1,N,1.3,16.4,MARICOPA            ,3.11518
881,5,1,3,N,1.5,21.0,MARICOPA            ,3.11518
882,1,1,1,N,0.5,39.0,MARICOPA            ,3.11518
883,1,1,2,N,0.3,0.0,MARICOPA            ,3.11518
884,2,1,1,N,2.6,10.7,MARICOPA            ,3.11518
885,1,1,1,N,0.8,23.8,MARICOPA            ,3.11518
886,1,1,3,N,0.7,25.9,MARICOPA            ,3.11518
887,5,1,3,N,0.7,41.4,MARICOPA            ,3.11518
888,1,1,3,N,0.4,0.0,MARICOPA            ,3.11518
889,1,1,1,N,0.9,22.8,MARICOPA            ,3.11518
890,1,1,2,N,0.3,0.0,MARICOPA            ,3.11518
891,1,1,3,N,0.6,36.7,MARICOPA            ,3.11518
892,1,1,3,N,0.5,0.0,MARICOPA            ,3.11518
893,1,1,2,N,0.8,28.6,MARICOPA            ,3.11518
894,1,1,3,N,1.9,10.8,MARICOPA            ,3.11518
895,0,9,0, ,1.3,19.2,MARICOPA            ,3.11518
896,1,1,2,N,1.8,22.4,MARICOPA            ,3.11518
897,1,1,2,N,1.1,19.6,MARICOPA            ,3.11518
898,2,1,3,N,1.2,21.2,MARICOPA            ,3.11518
899,5,1,3,N,1.2,32.4,MARICOPA            ,3.11518
900,1,1,2,N,4.4,7.8,MARICOPA            ,3.11518
901,1,1,3,N,0.0,0.0,MARICOPA            ,3.11518
902,1,1,2,N,0.8,99.5,MARICOPA            ,3.11518
903,1,1,1,N,0.8,30.3,MARICOPA            ,3.11518
904,1,1,2,N,0.9,22.4,MARICOPA            ,3.11518
905,1,1,1,N,0.7,98.0,MARICOPA            ,3.11518
906,1,1,1,N,1.9,11.1,MARICOPA            ,3.11518
907,1,1,1,N,0.5,0.0,MARICOPA            ,3.11518
908,1,1,3,N,0.5,36.7,MARICOPA            ,3.11518
909,1,1,2,N,2.9,7.7,MARICOPA            ,3.11518
910,0,9,0, ,1.1,69.3,MARICOPA            ,3.11518
911,1,1,2,N,1.5,17.2,MARICOPA            ,3.11518
912,1,1,1,N,1.5,19.6,MARICOPA            ,3.11518
913,1,1,3,N,1.6,20.7,MARICOPA            ,3.11518
914,1,1,3,N,0.7,21.4,MARICOPA            ,3.11518
915,1,1,2,N,1.1,22.6,MARICOPA            ,3.11518
916,1,1,7,N,0.3,0.0,MARICOPA            ,3.11518
917,2,1,1,N,4.0,6.0,MARICOPA            ,3.11518
918,1,1,3,N,1.0,23.1,MARICOPA            ,3.11518
919,1,1,2,N,1.0,18.5,MARICOPA            ,3.11518
920,1,1,1,N,1.2,31.9,MARICOPA            ,3.11518
921,1,1,3,N,0.7,29.9,MARICOPA            ,3.11518
922,0,9,0, ,1.0,19.6,MARICOPA            ,3.11518
923,2,1,3,N,0.3,0.0,MARICOPA            ,3.11518
924,2,1,2,N,1.0,28.2,MARICOPA            ,3.11518
925,1,1,3,N,2.2,8.2,MARICOPA            ,3.11518
926,1,1,3,N,2.9,11.0,MARICOPA            ,3.11518
927,1,1,3,N,1.5,22.1,MARICOPA            ,3.11518
928,1,1,1, ,1.1,18.3,MARICOPA            ,3.11518
929,1,1,1,N,1.5,25.5,MARICOPA            ,3.11518
930,1,1,7,N,0.8,48.1,MARICOPA            ,3.11518
931,1,1,3,N,0.9,21.8,MARICOPA            ,3.11518
932,1,1,3,N,0.2,0.0,MARICOPA            ,3.11518
933,1,1,3,N,0.3,0.0,MARICOPA            ,3.11518
934,1,1,1,N,0.1,0.0,MARICOPA            ,3.11518
935,1,1,7,N,0.4,0.0,MARICOPA            ,3.11518
936,1,1,7,N,1.0,38.4,MARICOPA            ,3.11518
937,1,1,1,N,0.7,32.6,MARICOPA            ,3.11518
938,1,1,3,N,3.1,9.7,MARICOPA            ,3.11518
939,5,1,3,N,2.1,13.1,MARICOPA            ,3.11518
940,1,1,3,N,2.4,9.6,MARICOPA            ,3.11518
941,5,1,3,N,2.1,8.3,MARICOPA            ,3.11518
942,1,1,1,N,6.4,10.3,MARICOPA            ,3.11518
943,1,1,3, ,0.8,25.1,MARICOPA            ,3.11518
944,1,1,1,N,2.1,13.5,MARICOPA            ,3.11518
945,5,1,1,N,1.2,18.9,MARICOPA            ,3.11518
946,1,1,2,N,1.2,17.6,MARICOPA            ,3.11518
947,1,1,2,N,1.1,15.5,MARICOPA            ,3.11518
948,2,1,3,N,0.8,31.6,MARICOPA            ,3.11518
949,1,1,3,N,1.8,12.4,MARICOPA            ,3.11518
950,0,9,0, ,0.7,34.8,MARICOPA            ,3.11518
951,1,1,1,N,0.7,49.1,MARICOPA            ,3.11518
952,2,1,3,N,1.3,14.2,MARICOPA            ,3.11518
953,1,1,3,N,0.9,21.9,MARICOPA            ,3.11518
954,2,1,7,N,1.9,12.5,MARICOPA            ,3.11518
955,1,1,1,N,0.7,29.9,MARICOPA            ,3.11518
956,1,1,3,N,0.6,30.1,MARICOPA            ,3.11518
957,5,1,2,N,0.9,28.7,MARICOPA            ,3.11518
958,1,1,3,N,1.0,31.6,MARICOPA            ,3.11518
959,2,1,1,N,0.9,31.8,MARICOPA            ,3.11518
960,5,1,1,N,6.1,5.6,MOHAVE              ,2.71407
961,1,0,1,Y,0.3,0.0,MOHAVE              ,2.71407
962,1,1,2, ,0.7,32.8,MOHAVE              ,2.71407
963,1,1,3,N,2.6,11.5,MOHAVE              ,2.71407
964,1,1,3,N,0.3,0.0,MOHAVE              ,2.71407
965,1,1,1,N,2.7,10.4,MOHAVE              ,2.71407
966,1,1,1,N,1.1,20.5,MOHAVE              ,2.71407
967,1,1,3,N,1.1,17.1,MOHAVE              ,2.71407
968,1,1,3,N,2.3,16.9,MOHAVE              ,2.71407
969,1,1,3,N,1.9,13.3,MOHAVE              ,2.71407
970,1,1,3,N,1.4,16.5,MOHAVE              ,2.71407
971,1,1,0,N,0.4,0.0,MOHAVE              ,2.71407
972,1,1,3,N,2.5,10.2,MOHAVE              ,2.71407
973,1,1,3,N,1.2,36.1,MOHAVE              ,2.71407
974,1,1,2,N,0.5,0.0,MOHAVE              ,2.71407
975,1,1,3,N,0.7,33.0,MOHAVE              ,2.71407
976,1,1,1,N,1.2,17.9,MOHAVE              ,2.71407
977,1,1,1,N,1.6,14.2,MOHAVE              ,2.71407
978,1,1,1,N,0.7,49.2,MOHAVE              ,2.71407
979,1,1,3,N,0.0,0.0,MOHAVE              ,2.71407
980,1,1,3,N,1.4,27.8,MOHAVE              ,2.71407
981,1,1,1,N,0.0,0.0,MOHAVE              ,2.71407
982,1,1,1,N,0.8,26.8,MOHAVE              ,2.71407
983,1,1,7,N,0.6,37.6,MOHAVE              ,2.71407
984,1,1,3,N,0.6,39.1,MOHAVE              ,2.71407
985,1,1,1,N,0.1,0.0,MOHAVE              ,2.71407
986,1,1,1,N,0.2,0.0,MOHAVE              ,2.71407
987,1,1,1,N,0.0,0.0,MOHAVE              ,2.71407
988,1,1,1,N,0.5,49.4,MOHAVE              ,2.71407
989,1,1,3,N,0.5,0.0,MOHAVE              ,2.71407
990,1,1,2,N,1.0,29.1,MOHAVE              ,2.71407
991,1,1,7,N,0.5,0.0,MOHAVE              ,2.71407
992,1,1,2,N,1.5,12.4,MOHAVE              ,2.71407
993,1,1,1,N,0.8,36.4,MOHAVE              ,2.71407
994,1,1,1,N,0.8,23.4,MOHAVE              ,2.71407
995,1,1,1,N,0.9,27.3,MOHAVE              ,2.71407
996,1,0,1,Y,3.4,6.6,MOHAVE              ,2.71407
997,1,1,1,N,1.3,18.7,MOHAVE              ,2.71407
998,0,9,0, ,1.1,14.7,MOHAVE              ,2.71407
999,1,1,3,N,1.9,12.6,MOHAVE              ,2.71407
1000,1,1,2,N,1.5,14.0,MOHAVE              ,2.71407
1001,1,1,3,N,2.2,11.3,MOHAVE              ,2.71407
1002,1,1,1,N,3.6,10.6,MOHAVE              ,2.71407
1003,1,1,3,N,1.6,17.2,MOHAVE              ,2.71407
1004,1,1,1,N,1.0,20.1,MOHAVE              ,2.71407
1005,1,1,3,N,1.2,22.8,MOHAVE              ,2.71407
1006,1,0,1,Y,1.8,15.0,MOHAVE              ,2.71407
1007,0,1,1, ,0.6,36.0,MOHAVE              ,2.71407
1008,1,1,3,N,0.6,34.5,MOHAVE              ,2.71407
1009,1,1,1,N,1.0,22.3,MOHAVE              ,2.71407
1010,1,1,3,N,1.0,18.1,MOHAVE              ,2.71407
1011,1,1,1,N,2.2,10.2,MOHAVE              ,2.71407
1012,1,1,3,N,1.0,41.9,MOHAVE              ,2.71407
1013,1,1,1,N,0.4,0.0,MOHAVE              ,2.71407
1014,1,1,3,N,1.3,18.9,MOHAVE              ,2.71407
1015,1,1,1,N,0.2,0.0,MOHAVE              ,2.71407
1016,1,1,3,N,1.3,14.3,MOHAVE              ,2.71407
1017,1,1,1,N,0.8,29.8,MOHAVE              ,2.71407
1018,1,1,1,N,0.4,0.0,MOHAVE              ,2.71407
1019,5,1,3,N,0.0,0.0,MOHAVE              ,2.71407
1020,1,1,1,N,0.9,21.1,MOHAVE              ,2.71407
1021,1,1,1,N,1.4,13.6,MOHAVE              ,2.71407
1022,1,1,1,N,0.2,0.0,MOHAVE              ,2.71407
1023,1,1,1,N,0.1,0.0,MOHAVE              ,2.71407
1024,1,1,3,N,0.7,27.3,MOHAVE              ,2.71407
1025,1,1,3,N,0.4,0.0,MOHAVE              ,2.71407
1026,0,9,0, ,0.1,0.0,MOHAVE              ,2.71407
1027,1,1,3,N,0.2,0.0,MOHAVE              ,2.71407
1028,1,1,3,N,0.4,0.0,MOHAVE              ,2.71407
1029,1,1,1,N,0.1,0.0,MOHAVE              ,2.71407
1030,0,9,0, ,0.3,0.0,MOHAVE              ,2.71407
1031,1,1,3,N,0.1,0.0,MOHAVE              ,2.71407
1032,1,1,1,N,1.3,21.1,MOHAVE              ,2.71407
1033,1,1,7,N,0.7,34.7,MOHAVE              ,2.71407
1034,1,1,1,N,0.3,0.0,MOHAVE              ,2.71407
1035,1,1,2,N,1.9,13.2,MOHAVE              ,2.71407
1036,1,1,3,N,0.4,0.0,MOHAVE              ,2.71407
1037,5,1,1,N,0.1,0.0,MOHAVE              ,2.71407
1038,1,1,3,N,0.0,0.0,MOHAVE              ,2.71407
1039,1,1,2,N,1.5,16.0,MOHAVE              ,2.71407
1040,1,1,1,N,1.0,17.4,MOHAVE              ,2.71407
1041,1,1,2,N,0.5,0.0,MOHAVE              ,2.71407
1042,1,1,1,N,0.1,0.0,MOHAVE              ,2.71407
1043,0,9,0, ,1.8,12.3,MOHAVE              ,2.71407
1044,1,1,3,N,0.5,0.0,MOHAVE              ,2.71407
1045,1,1,3,N,2.5,9.4,MOHAVE              ,2.71407
1046,1,1,1,N,0.1,0.0,MOHAVE              ,2.71407
1047,1,1,3,N,1.6,18.8,MOHAVE              ,2.71407
1048,1,1,3,N,1.1,22.7,MOHAVE              ,2.71407
1049,1,1,1,N,0.6,39.3,MOHAVE              ,2.71407
1050,1,1,0,N,1.2,26.3,MOHAVE              ,2.71407
1051,1,1,2,N,0.9,23.4,MOHAVE              ,2.71407
1052,1,1,1,N,0.4,0.0,MOHAVE              ,2.71407
1053,1,1,2,N,0.3,0.0,MOHAVE              ,2.71407
1054,1,1,1,N,0.5,0.0,MOHAVE              ,2.71407
1055,1,1,1,N,2.6,11.4,MOHAVE              ,2.71407
1056,1,1,3,N,0.1,0.0,MOHAVE              ,2.71407
1057,0,9,0, ,0.2,0.0,MOHAVE              ,2.71407
1058,1,1,3,N,0.1,0.0,MOHAVE              ,2.71407
1059,1,0,2,Y,2.3,15.3,NAVAJO              ,2.42466
1060,1,1,1,N,0.2,0.0,NAVAJO              ,2.42466
1061,1,1,2,N,1.3,22.2,NAVAJO              ,2.42466
1062,1,1,1,N,0.4,0.0,NAVAJO              ,2.42466
1063,1,1,1,N,0.5,32.4,NAVAJO              ,2.42466
1064,1,1,1,N,0.9,21.3,NAVAJO              ,2.42466
1065,1,0,7,Y,5.9,5.3,NAVAJO              ,2.42466
1066,1,1,7,N,0.8,19.9,NAVAJO              ,2.42466
1067,1,1,3,N,0.4,0.0,NAVAJO              ,2.42466
1068,1,1,1,N,0.7,29.6,NAVAJO              ,2.42466
1069,1,1,3,N,0.6,33.3,NAVAJO              ,2.42466
1070,1,1,3,N,1.1,14.7,NAVAJO              ,2.42466
1071,0,9,0, ,3.7,5.7,NAVAJO              ,2.42466
1072,1,1,1,N,2.0,10.6,NAVAJO              ,2.42466
1073,1,1,1,N,1.2,21.9,NAVAJO              ,2.42466
1074,1,1,1,N,2.4,18.1,NAVAJO              ,2.42466
1075,1,1,1,N,2.0,11.4,NAVAJO              ,2.42466
1076,1,1,3,N,1.8,13.2,NAVAJO              ,2.42466
1077,1,1,1,N,0.4,0.0,NAVAJO              ,2.42466
1078,1,1,1,N,0.4,0.0,NAVAJO              ,2.42466
1079,1,1,3,N,2.4,11.9,NAVAJO              ,2.42466
1080,1,1,1,N,2.1,9.6,NAVAJO              ,2.42466
1081,1,0,4,Y,2.4,8.7,NAVAJO              ,2.42466
1082,1,1,2,N,1.1,25.6,NAVAJO              ,2.42466
1083,1,1,3,N,0.8,34.6,NAVAJO              ,2.42466
1084,1,1,2,N,5.2,5.4,NAVAJO              ,2.42466
1085,1,1,7,N,1.4,16.9,NAVAJO              ,2.42466
1086,1,1,2,N,2.1,34.7,NAVAJO              ,2.42466
1087,1,1,3,N,1.6,16.2,NAVAJO              ,2.42466
1088,1,1,2,N,3.2,7.2,NAVAJO              ,2.42466
1089,1,1,3,N,0.8,26.4,NAVAJO              ,2.42466
1090,0,9,0, ,0.4,0.0,NAVAJO              ,2.42466
1091,1,0,2,Y,3.8,59.9,NAVAJO              ,2.42466
1092,2,1,1,N,1.2,22.6,NAVAJO              ,2.42466
1093,0,9,0, ,1.8,16.8,NAVAJO              ,2.42466
1094,1,1,3,N,2.5,16.4,NAVAJO              ,2.42466
1095,1,1,1,N,1.6,16.1,NAVAJO              ,2.42466
1096,1,1,3, ,2.0,11.6,NAVAJO              ,2.42466
1097,1,1,3,N,3.8,7.1,NAVAJO              ,2.42466
1098,1,1,3,N,0.4,0.0,NAVAJO              ,2.42466
1099,1,1,2,N,1.2,23.5,NAVAJO              ,2.42466
1100,1,1,2,Y,1.4,21.4,NAVAJO              ,2.42466
1101,1,1,3,N,0.8,31.7,NAVAJO              ,2.42466
1102,1,1,1,N,0.8,28.5,NAVAJO              ,2.42466
1103,1,1,3,N,0.1,0.0,NAVAJO              ,2.42466
1104,1,1,1,Y,4.9,7.7,NAVAJO              ,2.42466
1105,1,0,7,Y,0.8,30.7,NAVAJO              ,2.42466
1106,1,1,2,N,0.3,0.0,NAVAJO              ,2.42466
1107,1,1,3,N,2.4,24.8,NAVAJO              ,2.42466
1108,0,9,0, ,3.5,24.6,NAVAJO              ,2.42466
1109,1,1,1,N,0.7,55.0,NAVAJO              ,2.42466
1110,1,1,1,N,0.6,50.3,NAVAJO              ,2.42466
1111,1,1,3,N,0.1,0.0,NAVAJO              ,2.42466
1112,1,1,3,Y,1.0,23.7,NAVAJO              ,2.42466
1113,1,1,1,N,0.4,0.0,NAVAJO              ,2.42466
1114,1,1,2,N,0.8,32.9,NAVAJO              ,2.42466
1115,1,1,3,N,1.8,12.2,NAVAJO              ,2.42466
1116,1,1,1,N,3.7,6.4,PIMA                ,3.4332599999999998
1117,5,1,7,N,0.7,33.3,PIMA                ,3.4332599999999998
1118,1,1,1,N,0.1,0.0,PIMA                ,3.4332599999999998
1119,1,1,1,N,0.2,0.0,PIMA                ,3.4332599999999998
1120,1,1,0,N,2.0,15.7,PIMA                ,3.4332599999999998
1121,1,1,3,N,2.4,15.5,PIMA                ,3.4332599999999998
1122,1,1,2,N,5.6,8.0,PIMA                ,3.4332599999999998
1123,1,1,3,N,1.9,11.5,PIMA                ,3.4332599999999998
1124,2,1,1,N,1.1,43.2,PIMA                ,3.4332599999999998
1125,1,1,1,N,4.7,4.9,PIMA                ,3.4332599999999998
1126,1,1,2, ,2.0,9.3,PIMA                ,3.4332599999999998
1127,1,1,1, ,1.0,22.4,PIMA                ,3.4332599999999998
1128,2,1,1,N,1.6,16.0,PIMA                ,3.4332599999999998
1129,1,1,1,N,1.5,17.0,PIMA                ,3.4332599999999998
1130,1,1,1,N,2.1,13.0,PIMA                ,3.4332599999999998
1131,1,1,1,N,1.8,13.8,PIMA                ,3.4332599999999998
1132,1,1,7,N,1.3,18.9,PIMA                ,3.4332599999999998
1133,1,1,1,N,2.1,13.6,PIMA                ,3.4332599999999998
1134,1,1,3,N,0.8,25.1,PIMA                ,3.4332599999999998
1135,1,1,1,N,0.8,30.9,PIMA                ,3.4332599999999998
1136,5,1,7,N,1.3,18.6,PIMA                ,3.4332599999999998
1137,1,1,3,N,1.2,20.0,PIMA                ,3.4332599999999998
1138,1,1,3,N,1.2,21.4,PIMA                ,3.4332599999999998
1139,1,1,1,N,0.5,40.2,PIMA                ,3.4332599999999998
1140,1,1,3,N,3.7,10.5,PIMA                ,3.4332599999999998
1141,1,1,2,N,0.2,0.0,PIMA                ,3.4332599999999998
1142,1,1,3,N,1.0,36.3,PIMA                ,3.4332599999999998
1143,1,1,3,N,2.5,11.6,PIMA                ,3.4332599999999998
1144,1,1,1,N,2.3,10.6,PIMA                ,3.4332599999999998
1145,1,1,2,N,1.0,42.7,PIMA                ,3.4332599999999998
1146,1,1,3,N,2.2,14.0,PIMA                ,3.4332599999999998
1147,1,1,1,N,0.6,25.7,PIMA                ,3.4332599999999998
1148,1,1,2,N,1.3,22.7,PIMA                ,3.4332599999999998
1149,1,1,2,N,1.9,10.7,PIMA                ,3.4332599999999998
1150,1,1,1,N,0.6,47.7,PIMA                ,3.4332599999999998
1151,1,1,1,N,1.0,21.5,PIMA                ,3.4332599999999998
1152,1,1,1,N,1.4,22.0,PIMA                ,3.4332599999999998
1153,1,1,3,N,0.7,28.3,PIMA                ,3.4332599999999998
1154,1,1,1,N,0.9,25.4,PIMA                ,3.4332599999999998
1155,1,1,1,N,1.8,13.7,PIMA                ,3.4332599999999998
1156,1,1,5,N,0.3,0.0,PIMA                ,3.4332599999999998
1157,1,1,3,N,1.8,11.0,PIMA                ,3.4332599999999998
1158,1,1,3,N,0.2,0.0,PIMA                ,3.4332599999999998
1159,1,1,1,N,0.7,30.4,PIMA                ,3.4332599999999998
1160,1,1,2,N,1.7,15.4,PIMA                ,3.4332599999999998
1161,1,1,1,N,0.9,26.8,PIMA                ,3.4332599999999998
1162,1,1,3,N,0.7,38.7,PIMA                ,3.4332599999999998
1163,1,1,3,N,1.9,64.6,PIMA                ,3.4332599999999998
1164,1,1,7,N,2.8,9.1,PIMA                ,3.4332599999999998
1165,1,1,2,N,2.6,13.8,PIMA                ,3.4332599999999998
1166,1,1,1,N,0.8,29.2,PIMA                ,3.4332599999999998
1167,5,1,3,N,0.8,29.9,PIMA                ,3.4332599999999998
1168,1,1,7,N,1.4,17.5,PIMA                ,3.4332599999999998
1169,0,9,0, ,0.3,0.0,PIMA                ,3.4332599999999998
1170,5,9,1,N,0.4,0.0,PIMA                ,3.4332599999999998
1171,1,1,3,N,0.8,25.2,PIMA                ,3.4332599999999998
1172,1,1,3,N,0.2,0.0,PIMA                ,3.4332599999999998
1173,1,1,1,Y,1.6,14.4,PIMA                ,3.4332599999999998
1174,1,1,1,N,0.9,24.2,PIMA                ,3.4332599999999998
1175,1,1,1,N,0.3,0.0,PIMA                ,3.4332599999999998
1176,1,1,3,N,0.0,0.0,PIMA                ,3.4332599999999998
1177,1,1,1, ,0.0,0.0,PIMA                ,3.4332599999999998
1178,1,1,3,N,1.3,19.8,PIMA                ,3.4332599999999998
1179,1,1,2,N,1.2,31.0,PIMA                ,3.4332599999999998
1180,1,9,0,N,0.7,27.7,PIMA                ,3.4332599999999998
1181,1,1,3, ,0.9,26.4,PIMA                ,3.4332599999999998
1182,1,1,7,N,3.5,11.3,PIMA                ,3.4332599999999998
1183,1,1,7,N,5.2,6.7,PIMA                ,3.4332599999999998
1184,1,1,3,N,0.6,32.4,PIMA                ,3.4332599999999998
1185,1,1,3,N,0.7,32.8,PIMA                ,3.4332599999999998
1186,1,1,1,N,0.4,0.0,PIMA                ,3.4332599999999998
1187,1,1,1,N,0.2,0.0,PIMA                ,3.4332599999999998
1188,1,1,1,N,1.1,36.0,PIMA                ,3.4332599999999998
1189,1,1,1,N,0.7,28.9,PIMA                ,3.4332599999999998
1190,1,1,1,N,0.3,0.0,PIMA                ,3.4332599999999998
1191,1,1,2,N,1.7,11.4,PIMA                ,3.4332599999999998
1192,0,9,0, ,0.5,47.0,PIMA                ,3.4332599999999998
1193,1,1,3,N,0.3,0.0,PIMA                ,3.4332599999999998
1194,0,9,0, ,0.2,0.0,PIMA                ,3.4332599999999998
1195,0,9,0, ,1.1,16.3,PIMA                ,3.4332599999999998
1196,1,1,1,N,1.0,27.6,PIMA                ,3.4332599999999998
1197,1,1,1,N,2.1,11.2,PIMA                ,3.4332599999999998
1198,1,1,3,N,3.3,7.9,PIMA                ,3.4332599999999998
1199,1,1,3,N,1.4,16.6,PIMA                ,3.4332599999999998
1200,1,1,7,N,0.8,24.1,PIMA                ,3.4332599999999998
1201,1,1,1,N,1.9,41.3,PIMA                ,3.4332599999999998
1202,1,1,7,N,4.1,6.5,PIMA                ,3.4332599999999998
1203,1,1,3,N,0.8,28.8,PIMA                ,3.4332599999999998
1204,1,1,3,N,1.2,17.5,PIMA                ,3.4332599999999998
1205,1,1,2, ,1.1,25.8,PIMA                ,3.4332599999999998
1206,1,1,7,N,0.8,28.9,PIMA                ,3.4332599999999998
1207,1,1,3,N,2.4,11.3,PIMA                ,3.4332599999999998
1208,1,1,3,N,1.5,19.5,PIMA                ,3.4332599999999998
1209,1,1,3,N,1.1,24.2,PIMA                ,3.4332599999999998
1210,1,1,3,N,0.9,19.4,PIMA                ,3.4332599999999998
1211,1,1,1,N,2.4,8.9,PIMA                ,3.4332599999999998
1212,1,1,3,N,1.7,11.7,PIMA                ,3.4332599999999998
1213,1,1,2,N,0.2,0.0,PIMA                ,3.4332599999999998
1214,1,1,7,N,0.3,0.0,PIMA                ,3.4332599999999998
1215,1,1,3,N,0.2,0.0,PIMA                ,3.4332599999999998
1216,1,1,3,N,0.0,0.0,PIMA                ,3.4332599999999998
1217,1,0,4,Y,0.7,38.4,PIMA                ,3.4332599999999998
1218,1,1,1,N,6.1,5.8,PIMA                ,3.4332599999999998
1219,1,1,3,N,0.6,58.0,PIMA                ,3.4332599999999998
1220,1,1,1,N,1.1,34.5,PIMA                ,3.4332599999999998
1221,0,9,0, ,0.2,0.0,PIMA                ,3.4332599999999998
1222,1,1,3,N,1.6,19.2,PIMA                ,3.4332599999999998
1223,1,1,1,N,4.4,5.4,PIMA                ,3.4332599999999998
1224,1,1,2,N,0.4,0.0,PIMA                ,3.4332599999999998
1225,1,1,3,N,0.2,0.0,PIMA                ,3.4332599999999998
1226,1,1,2,N,1.5,28.0,PIMA                ,3.4332599999999998
1227,5,1,2,N,1.3,34.4,PIMA                ,3.4332599999999998
1228,0,9,0, ,0.8,30.7,PIMA                ,3.4332599999999998
1229,1,1,0,N,2.7,10.3,PIMA                ,3.4332599999999998
1230,5,1,3,N,1.4,19.3,PIMA                ,3.4332599999999998
1231,1,1,2,N,1.0,24.6,PIMA                ,3.4332599999999998
1232,1,1,3,N,2.3,12.8,PIMA                ,3.4332599999999998
1233,1,1,3,N,1.0,21.1,PIMA                ,3.4332599999999998
1234,2,1,3,N,0.8,26.3,PIMA                ,3.4332599999999998
1235,1,1,1,N,0.3,0.0,PIMA                ,3.4332599999999998
1236,1,1,3,N,0.5,0.0,PIMA                ,3.4332599999999998
1237,0,9,0, ,0.4,0.0,PIMA                ,3.4332599999999998
1238,1,1,1,N,1.0,30.1,PIMA                ,3.4332599999999998
1239,1,1,1,N,1.3,27.1,PIMA                ,3.4332599999999998
1240,1,1,3,N,0.6,35.6,PIMA                ,3.4332599999999998
1241,0,9,0, ,3.3,16.9,PIMA                ,3.4332599999999998
1242,0,9,0, ,0.0,0.0,PIMA                ,3.4332599999999998
1243,0,3,0, ,0.9,77.3,PIMA                ,3.4332599999999998
1244,1,1,2,N,1.6,18.6,PIMA                ,3.4332599999999998
1245,1,1,2,N,0.3,0.0,PIMA                ,3.4332599999999998
1246,1,1,3,N,1.6,12.2,PIMA                ,3.4332599999999998
1247,1,1,1,N,0.9,20.9,PIMA                ,3.4332599999999998
1248,1,1,3,N,1.3,16.6,PIMA                ,3.4332599999999998
1249,5,1,2,N,1.8,15.4,PIMA                ,3.4332599999999998
1250,1,1,1,N,1.6,17.2,PIMA                ,3.4332599999999998
1251,0,9,0, ,10.0,6.7,PIMA                ,3.4332599999999998
1252,1,1,3,N,0.2,0.0,PIMA                ,3.4332599999999998
1253,1,1,1,N,1.3,20.4,PIMA                ,3.4332599999999998
1254,1,1,3, ,1.2,28.4,PIMA                ,3.4332599999999998
1255,1,1,3,N,0.3,0.0,PIMA                ,3.4332599999999998
1256,1,1,7,N,0.1,0.0,PIMA                ,3.4332599999999998
1257,2,1,1,N,1.9,16.2,PIMA                ,3.4332599999999998
1258,1,1,3,N,0.6,40.2,PIMA                ,3.4332599999999998
1259,1,1,2,N,1.0,24.7,PIMA                ,3.4332599999999998
1260,1,1,1,N,1.1,33.9,PIMA                ,3.4332599999999998
1261,1,1,1,N,3.8,8.3,PIMA                ,3.4332599999999998
1262,1,1,1,N,3.2,10.6,PIMA                ,3.4332599999999998
1263,1,1,3,N,4.8,6.9,PIMA                ,3.4332599999999998
1264,1,1,3,N,0.7,27.8,PIMA                ,3.4332599999999998
1265,1,1,1,N,2.3,12.4,PIMA                ,3.4332599999999998
1266,1,1,3,N,2.1,11.1,PIMA                ,3.4332599999999998
1267,1,1,7,N,0.4,0.0,PIMA                ,3.4332599999999998
1268,1,1,1,N,1.3,22.1,PIMA                ,3.4332599999999998
1269,5,1,3,N,0.2,0.0,PIMA                ,3.4332599999999998
1270,2,1,3,N,1.1,23.3,PIMA                ,3.4332599999999998
1271,1,1,3,N,0.1,0.0,PIMA                ,3.4332599999999998
1272,1,1,1,N,1.2,20.4,PIMA                ,3.4332599999999998
1273,1,1,2,N,0.5,0.0,PIMA                ,3.4332599999999998
1274,1,1,3,N,0.9,25.3,PIMA                ,3.4332599999999998
1275,1,1,3,N,4.3,8.1,PIMA                ,3.4332599999999998
1276,1,1,3,N,2.0,12.8,PIMA                ,3.4332599999999998
1277,0,9,0, ,1.1,14.3,PIMA                ,3.4332599999999998
1278,1,1,1,N,1.9,13.5,PIMA                ,3.4332599999999998
1279,1,1,2,N,0.3,0.0,PIMA                ,3.4332599999999998
1280,1,1,1,N,2.2,18.2,PIMA                ,3.4332599999999998
1281,1,1,1,N,2.0,10.5,PIMA                ,3.4332599999999998
1282,1,1,2,N,0.4,0.0,PIMA                ,3.4332599999999998
1283,1,1,3,N,1.0,32.8,PIMA                ,3.4332599999999998
1284,1,1,1,N,0.8,34.4,PIMA                ,3.4332599999999998
1285,1,1,3,N,1.0,17.4,PIMA                ,3.4332599999999998
1286,1,1,7,N,0.9,30.7,PIMA                ,3.4332599999999998
1287,1,1,3,N,2.3,23.5,PIMA                ,3.4332599999999998
1288,1,1,2,N,2.0,14.6,PIMA                ,3.4332599999999998
1289,1,1,7,N,6.0,6.4,PIMA                ,3.4332599999999998
1290,1,1,7,N,1.3,16.3,PIMA                ,3.4332599999999998
1291,1,1,3,N,1.1,27.6,PIMA                ,3.4332599999999998
1292,5,1,3,N,0.5,55.3,PIMA                ,3.4332599999999998
1293,1,1,3,N,0.8,21.3,PIMA                ,3.4332599999999998
1294,1,1,7,Y,1.8,22.9,PIMA                ,3.4332599999999998
1295,2,1,3,N,0.4,0.0,PIMA                ,3.4332599999999998
1296,1,1,3,N,0.8,24.6,PIMA                ,3.4332599999999998
1297,1,1,1,N,2.5,9.3,PIMA                ,3.4332599999999998
1298,1,1,1,N,1.0,67.6,PIMA                ,3.4332599999999998
1299,1,1,3,N,0.3,0.0,PIMA                ,3.4332599999999998
1300,1,1,1,N,0.6,34.2,PIMA                ,3.4332599999999998
1301,1,1,3,N,0.1,0.0,PIMA                ,3.4332599999999998
1302,1,1,1,N,0.3,0.0,PIMA                ,3.4332599999999998
1303,1,1,3,N,2.1,12.3,PIMA                ,3.4332599999999998
1304,5,1,3,N,0.1,0.0,PIMA                ,3.4332599999999998
1305,1,1,2,N,6.7,5.7,PIMA                ,3.4332599999999998
1306,1,1,1,N,1.4,18.8,PIMA                ,3.4332599999999998
1307,5,1,2,N,4.5,11.4,PIMA                ,3.4332599999999998
1308,1,1,2,N,1.2,20.8,PIMA                ,3.4332599999999998
1309,1,1,1,N,0.8,79.8,PIMA                ,3.4332599999999998
1310,1,1,1,N,0.4,0.0,PIMA                ,3.4332599999999998
1311,1,1,2,N,0.2,0.0,PIMA                ,3.4332599999999998
1312,1,1,1,N,1.0,28.6,PIMA                ,3.4332599999999998
1313,1,1,2,N,0.3,0.0,PIMA                ,3.4332599999999998
1314,1,1,1,N,0.0,0.0,PIMA                ,3.4332599999999998
1315,1,1,2,N,1.0,24.4,PIMA                ,3.4332599999999998
1316,1,1,3,N,0.2,0.0,PIMA                ,3.4332599999999998
1317,1,1,1,N,0.6,39.3,PIMA                ,3.4332599999999998
1318,1,1,2, ,1.3,14.2,PIMA                ,3.4332599999999998
1319,1,1,3,N,0.4,0.0,PIMA                ,3.4332599999999998
1320,1,1,3,N,0.6,44.3,PIMA                ,3.4332599999999998
1321,1,1,7,N,1.2,17.5,PIMA                ,3.4332599999999998
1322,1,1,3,N,0.0,0.0,PIMA                ,3.4332599999999998
1323,1,1,3,N,1.0,23.1,PIMA                ,3.4332599999999998
1324,1,1,1,N,2.1,12.1,PIMA                ,3.4332599999999998
1325,1,1,1,N,0.7,28.0,PIMA                ,3.4332599999999998
1326,1,1,7,N,0.8,29.8,PIMA                ,3.4332599999999998
1327,1,1,1,N,5.2,10.2,PIMA                ,3.4332599999999998
1328,1,1,2,N,2.1,11.6,PIMA                ,3.4332599999999998
1329,1,1,2,N,1.3,20.6,PIMA                ,3.4332599999999998
1330,1,1,1,N,0.4,0.0,PIMA                ,3.4332599999999998
1331,1,1,1,N,1.3,17.5,PIMA                ,3.4332599999999998
1332,1,1,3,N,1.5,13.8,PIMA                ,3.4332599999999998
1333,1,1,3,N,1.1,18.4,PIMA                ,3.4332599999999998
1334,1,1,3,N,0.6,31.5,PIMA                ,3.4332599999999998
1335,1,1,2,N,0.5,0.0,PIMA                ,3.4332599999999998
1336,1,1,1,N,0.8,32.1,PIMA                ,3.4332599999999998
1337,1,1,3,N,1.9,10.3,PIMA                ,3.4332599999999998
1338,1,1,7,N,1.4,20.5,PIMA                ,3.4332599999999998
1339,1,1,7,N,0.3,0.0,PIMA                ,3.4332599999999998
1340,0,9,0, ,0.3,0.0,PIMA                ,3.4332599999999998
1341,1,1,1,N,0.3,0.0,PIMA                ,3.4332599999999998
1342,1,1,3,N,0.2,0.0,PIMA                ,3.4332599999999998
1343,0,9,0,0,0.3,0.0,PIMA                ,3.4332599999999998
1344,1,1,3,N,0.4,0.0,PIMA                ,3.4332599999999998
1345,1,1,3,N,1.8,14.0,PIMA                ,3.4332599999999998
1346,1,1,2,Y,3.0,6.8,PIMA                ,3.4332599999999998
1347,1,1,2,N,0.3,0.0,PIMA                ,3.4332599999999998
1348,1,1,3,N,0.9,22.6,PIMA                ,3.4332599999999998
1349,1,1,3,N,1.2,18.6,PIMA                ,3.4332599999999998
1350,1,1,5,N,1.4,14.4,PIMA                ,3.4332599999999998
1351,1,1,7,N,1.2,23.5,PIMA                ,3.4332599999999998
1352,1,0,3,Y,0.8,25.2,PIMA                ,3.4332599999999998
1353,1,1,1,N,0.1,0.0,PIMA                ,3.4332599999999998
1354,1,1,1,N,0.2,0.0,PIMA                ,3.4332599999999998
1355,1,1,2,N,1.5,11.0,PIMA                ,3.4332599999999998
1356,2,1,3,N,0.4,0.0,PIMA                ,3.4332599999999998
1357,1,1,1,N,2.7,13.5,PIMA                ,3.4332599999999998
1358,1,1,3,N,1.8,17.0,PIMA                ,3.4332599999999998
1359,1,1,1,N,1.5,14.0,PIMA                ,3.4332599999999998
1360,1,1,3,N,4.5,6.3,PIMA                ,3.4332599999999998
1361,1,1,2,N,2.4,10.3,PIMA                ,3.4332599999999998
1362,1,1,1,N,1.4,16.9,PIMA                ,3.4332599999999998
1363,1,1,1,N,1.7,16.3,PIMA                ,3.4332599999999998
1364,1,1,2,N,0.3,0.0,PIMA                ,3.4332599999999998
1365,1,1,1,N,0.5,0.0,PIMA                ,3.4332599999999998
1366,1,0,7,Y,0.3,0.0,PIMA                ,3.4332599999999998
1367,1,1,2,N,0.1,0.0,PIMA                ,3.4332599999999998
1368,1,1,3,N,0.7,33.3,PIMA                ,3.4332599999999998
1369,1,1,3,N,2.4,11.1,PIMA                ,3.4332599999999998
1370,1,1,2,N,0.4,0.0,PIMA                ,3.4332599999999998
1371,1,1,1,N,3.5,8.5,PIMA                ,3.4332599999999998
1372,1,1,3,N,5.2,5.4,PIMA                ,3.4332599999999998
1373,1,1,3,N,0.4,0.0,PIMA                ,3.4332599999999998
1374,1,1,2,N,2.1,15.9,PIMA                ,3.4332599999999998
1375,1,1,2,N,0.3,0.0,PIMA                ,3.4332599999999998
1376,1,1,3,N,0.4,0.0,PINAL               ,2.9984900000000003
1377,1,1,5,N,1.0,19.5,PINAL               ,2.9984900000000003
1378,1,1,1,N,0.1,0.0,PINAL               ,2.9984900000000003
1379,1,1,1,N,4.4,7.2,PINAL               ,2.9984900000000003
1380,1,1,2,N,0.5,0.0,PINAL               ,2.9984900000000003
1381,0,9,0, ,2.3,13.1,PINAL               ,2.9984900000000003
1382,1,1,1,N,3.5,18.0,PINAL               ,2.9984900000000003
1383,1,1,3,N,3.0,8.7,PINAL               ,2.9984900000000003
1384,1,1,2,N,0.4,0.0,PINAL               ,2.9984900000000003
1385,1,1,3,N,2.4,9.9,PINAL               ,2.9984900000000003
1386,1,1,1,N,0.3,0.0,PINAL               ,2.9984900000000003
1387,1,1,7,N,0.2,0.0,PINAL               ,2.9984900000000003
1388,1,1,3,N,1.1,22.2,PINAL               ,2.9984900000000003
1389,1,1,3,N,2.5,8.8,PINAL               ,2.9984900000000003
1390,0,9,0, ,0.5,43.4,PINAL               ,2.9984900000000003
1391,1,1,3,N,1.8,11.3,PINAL               ,2.9984900000000003
1392,1,1,1,N,2.3,13.1,PINAL               ,2.9984900000000003
1393,1,1,3,N,4.3,10.0,PINAL               ,2.9984900000000003
1394,1,1,1,N,0.8,92.2,PINAL               ,2.9984900000000003
1395,5,1,1,N,0.2,0.0,PINAL               ,2.9984900000000003
1396,0,9,0, ,1.3,21.5,PINAL               ,2.9984900000000003
1397,1,1,3,N,1.6,22.2,PINAL               ,2.9984900000000003
1398,1,1,3,N,0.2,0.0,PINAL               ,2.9984900000000003
1399,5,1,3, ,2.1,25.5,PINAL               ,2.9984900000000003
1400,0,9,0,0,0.5,34.2,PINAL               ,2.9984900000000003
1401,1,1,1,N,1.5,14.1,PINAL               ,2.9984900000000003
1402,5,1,1,N,1.2,14.8,PINAL               ,2.9984900000000003
1403,1,1,3,N,1.9,12.0,PINAL               ,2.9984900000000003
1404,0,9,0, ,1.5,28.1,PINAL               ,2.9984900000000003
1405,2,1,1,N,3.4,9.1,PINAL               ,2.9984900000000003
1406,1,1,7,N,0.2,0.0,PINAL               ,2.9984900000000003
1407,1,1,3,N,0.7,59.3,PINAL               ,2.9984900000000003
1408,1,1,7,N,0.3,0.0,PINAL               ,2.9984900000000003
1409,1,1,1,N,3.3,24.9,SANTA CRUZ          ,3.7671300000000003
1410,1,1,2,N,0.9,34.1,SANTA CRUZ          ,3.7671300000000003
1411,1,1,2,N,2.3,37.0,SANTA CRUZ          ,3.7671300000000003
1412,1,0,4,Y,2.1,11.7,SANTA CRUZ          ,3.7671300000000003
1413,1,1,1,N,0.9,22.7,SANTA CRUZ          ,3.7671300000000003
1414,1,1,2,N,1.8,11.4,SANTA CRUZ          ,3.7671300000000003
1415,1,1,3,N,1.5,14.1,SANTA CRUZ          ,3.7671300000000003
1416,1,1,1,N,0.3,0.0,SANTA CRUZ          ,3.7671300000000003
1417,1,1,3,N,1.1,25.0,SANTA CRUZ          ,3.7671300000000003
1418,1,1,7,N,2.8,10.2,SANTA CRUZ          ,3.7671300000000003
1419,5,1,3,N,1.0,24.5,SANTA CRUZ          ,3.7671300000000003
1420,1,1,7,N,0.4,0.0,SANTA CRUZ          ,3.7671300000000003
1421,1,1,3,N,4.2,6.5,SANTA CRUZ          ,3.7671300000000003
1422,1,1,3,N,0.5,41.2,YAVAPAI             ,2.66527
1423,1,1,1,N,3.1,8.0,YAVAPAI             ,2.66527
1424,1,1,1,N,2.3,10.7,YAVAPAI             ,2.66527
1425,1,1,5,N,1.2,17.1,YAVAPAI             ,2.66527
1426,1,1,1,N,1.4,20.9,YAVAPAI             ,2.66527
1427,1,0,4,Y,1.3,17.2,YAVAPAI             ,2.66527
1428,1,1,3,N,2.0,18.5,YAVAPAI             ,2.66527
1429,1,0,2,Y,4.0,7.4,YAVAPAI             ,2.66527
1430,1,1,3,N,0.8,22.8,YAVAPAI             ,2.66527
1431,1,0,4,Y,1.8,11.1,YAVAPAI             ,2.66527
1432,1,1,1,N,0.5,39.5,YAVAPAI             ,2.66527
1433,1,1,1,N,1.0,29.5,YAVAPAI             ,2.66527
1434,1,1,3,N,0.6,53.5,YAVAPAI             ,2.66527
1435,1,1,3,N,0.6,30.8,YAVAPAI             ,2.66527
1436,1,1,3,N,0.6,43.7,YAVAPAI             ,2.66527
1437,1,1,3,N,1.9,13.2,YAVAPAI             ,2.66527
1438,1,1,3,N,0.4,0.0,YAVAPAI             ,2.66527
1439,1,1,1,N,0.2,0.0,YAVAPAI             ,2.66527
1440,1,1,2,N,0.3,0.0,YAVAPAI             ,2.66527
1441,1,1,7,N,0.1,0.0,YAVAPAI             ,2.66527
1442,1,0,4,Y,0.5,55.6,YAVAPAI             ,2.66527
1443,1,1,3,N,0.6,28.4,YAVAPAI             ,2.66527
1444,1,1,7,N,0.9,112.8,YAVAPAI             ,2.66527
1445,1,1,3,N,4.6,6.2,YAVAPAI             ,2.66527
1446,1,0,2, ,1.3,14.0,YAVAPAI             ,2.66527
1447,1,1,3,N,2.8,12.9,YAVAPAI             ,2.66527
1448,1,1,0,N,1.5,24.3,YAVAPAI             ,2.66527
1449,1,1,7,N,2.7,11.5,YAVAPAI             ,2.66527
1450,1,1,1,N,0.4,0.0,YAVAPAI             ,2.66527
1451,1,1,1,N,0.4,0.0,YAVAPAI             ,2.66527
1452,1,1,1,N,2.4,9.3,YAVAPAI             ,2.66527
1453,1,1,1,N,2.3,11.4,YAVAPAI             ,2.66527
1454,1,1,3,Y,0.9,33.7,YAVAPAI             ,2.66527
1455,0,9,0, ,1.6,16.4,YAVAPAI             ,2.66527
1456,1,1,2,N,0.5,0.0,YAVAPAI             ,2.66527
1457,1,1,1,N,1.2,19.7,YAVAPAI             ,2.66527
1458,1,9,1,Y,0.6,28.1,YAVAPAI             ,2.66527
1459,1,1,3,N,2.0,20.3,YAVAPAI             ,2.66527
1460,1,0,4,Y,0.2,0.0,YAVAPAI             ,2.66527
1461,5,1,3,N,0.0,0.0,YAVAPAI             ,2.66527
1462,1,1,3,N,0.5,38.0,YAVAPAI             ,2.66527
1463,1,1,3,N,3.6,8.9,YAVAPAI             ,2.66527
1464,1,1,1,N,1.6,14.7,YAVAPAI             ,2.66527
1465,1,0,4,Y,0.0,0.0,YAVAPAI             ,2.66527
1466,5,1,1,N,0.4,0.0,YAVAPAI             ,2.66527
1467,1,0,7,Y,1.0,13.5,YAVAPAI             ,2.66527
1468,1,1,1,N,1.2,17.4,YAVAPAI             ,2.66527
1469,1,1,3,N,1.2,15.2,YAVAPAI             ,2.66527
1470,1,1,2,N,0.1,0.0,YAVAPAI             ,2.66527
1471,1,1,3,N,0.4,0.0,YAVAPAI             ,2.66527
1472,1,1,2,N,0.3,0.0,YAVAPAI             ,2.66527
1473,1,1,7,N,2.4,10.1,YUMA                ,3.3903199999999996
1474,2,1,2,N,0.5,0.0,YUMA                ,3.3903199999999996
1475,1,1,3,N,0.6,34.4,YUMA                ,3.3903199999999996
1476,1,1,2,N,0.7,31.4,YUMA                ,3.3903199999999996
1477,1,1,2,N,0.8,25.1,YUMA                ,3.3903199999999996
1478,0,9,0, ,1.2,22.9,YUMA                ,3.3903199999999996
1479,1,1,3,N,0.8,43.9,YUMA                ,3.3903199999999996
1480,1,1,1,N,0.5,0.0,YUMA                ,3.3903199999999996
1481,1,1,1,N,0.6,42.2,YUMA                ,3.3903199999999996
1482,0,9,0, ,0.5,80.0,YUMA                ,3.3903199999999996
1483,2,1,5,N,0.3,0.0,YUMA                ,3.3903199999999996
1484,1,1,1, ,0.4,0.0,YUMA                ,3.3903199999999996
1485,1,1,3,N,0.7,47.1,YUMA                ,3.3903199999999996
1486,1,1,2,N,0.6,26.1,YUMA                ,3.3903199999999996
1487,1,1,1,N,0.6,52.1,YUMA                ,3.3903199999999996
1488,1,1,3,N,0.3,0.0,YUMA                ,3.3903199999999996
1489,1,1,1,N,0.5,0.0,YUMA                ,3.3903199999999996
1490,1,1,1,N,0.7,28.7,YUMA                ,3.3903199999999996
1491,1,1,3,N,0.6,43.5,YUMA                ,3.3903199999999996
1492,1,1,3,N,0.6,39.7,YUMA                ,3.3903199999999996
1493,1,1,1,N,0.5,0.0,YUMA                ,3.3903199999999996
1494,1,1,1,N,0.1,0.0,YUMA                ,3.3903199999999996
1495,1,1,3,N,0.4,0.0,YUMA                ,3.3903199999999996
1496,1,1,3,N,0.6,38.4,YUMA                ,3.3903199999999996
1497,1,1,1,N,0.3,0.0,YUMA                ,3.3903199999999996
1498,1,1,3,N,0.7,34.7,YUMA                ,3.3903199999999996
1499,1,1,2,N,1.2,17.7,YUMA                ,3.3903199999999996
1500,1,1,1,N,0.3,0.0,YUMA                ,3.3903199999999996
1501,5,1,3,N,2.4,9.1,YUMA                ,3.3903199999999996
1502,1,1,3,N,0.3,0.0,YUMA                ,3.3903199999999996
1503,1,1,3,N,0.3,0.0,YUMA                ,3.3903199999999996
1504,0,9,0, ,0.2,0.0,YUMA                ,3.3903199999999996
1505,2,1,1,N,0.7,37.2,YUMA                ,3.3903199999999996
1506,1,1,1,N,0.4,0.0,YUMA                ,3.3903199999999996
